device,location,ru
nrt12-72-p6-sw1-wsoob-con-r1,NRT72.03-1.03-01-003-101,40
nrt12-72-p6-sw1-wsoob-con-r2,NRT72.03-1.03-01-003-101,39
nrt12-72-p6-sw2-wsoob-con-r1,NRT72.03-1.03-01-003-101,37
nrt12-72-p6-sw2-wsoob-con-r2,NRT72.03-1.03-01-003-101,36
nrt12-72-p6-wsoob-con-acc-sw1,NRT72.03-1.03-01-003-101,34
nrt12-72-p6-wsoob-con-acc-sw2,NRT72.03-1.03-01-003-101,33
nrt12-72-p6-esoob-con-acc-sw1,NRT72.03-1.03-01-003-101,31
nrt12-72-p6-esoob-con-acc-sw2,NRT72.03-1.03-01-003-101,30
nrt12-72-p6-wsoob-con-acc-sw1-tor1,NRT72.03-1.03-01-003-101,28
nrt12-72-p6-wsoob-con-acc-sw2-tor1,NRT72.03-1.03-01-003-101,27
nrt12-72-p6-esoob-con-acc-sw1-tor1,NRT72.03-1.03-01-003-101,25
nrt12-72-p6-esoob-con-acc-sw2-tor1,NRT72.03-1.03-01-003-101,24
nrt12-72-p6-esoob-con-acc-sw1-tor2,NRT72.03-1.03-01-003-101,22
nrt12-72-p6-wsoob-pod-agg-r1,NRT72.03-1.03-01-003-101,16
nrt12-72-p6-esoob-pod-agg-r1,NRT72.03-1.03-01-003-101,15
nrt12-72-co-acc-sw061,NRT72.03-1.03-01-003-101,12
nrt12-72-co-acc-sw062,NRT72.03-1.03-01-003-101,11
nrt12-72-p6-sw5-wsoob-con-r1,NRT72.03-1.03-01-011-101,40
nrt12-72-p6-sw5-wsoob-con-r2,NRT72.03-1.03-01-011-101,39
nrt12-72-p6-sw6-wsoob-con-r1,NRT72.03-1.03-01-011-101,37
nrt12-72-p6-sw6-wsoob-con-r2,NRT72.03-1.03-01-011-101,36
nrt12-72-p6-wsoob-con-acc-sw5,NRT72.03-1.03-01-011-101,34
nrt12-72-p6-wsoob-con-acc-sw6,NRT72.03-1.03-01-011-101,33
nrt12-72-p6-esoob-con-acc-sw5,NRT72.03-1.03-01-011-101,31
nrt12-72-p6-esoob-con-acc-sw6,NRT72.03-1.03-01-011-101,30
nrt12-72-p6-wsoob-con-acc-sw5-tor1,NRT72.03-1.03-01-011-101,28
nrt12-72-p6-wsoob-con-acc-sw6-tor1,NRT72.03-1.03-01-011-101,27
nrt12-72-p6-esoob-con-acc-sw5-tor1,NRT72.03-1.03-01-011-101,25
nrt12-72-p6-esoob-con-acc-sw6-tor1,NRT72.03-1.03-01-011-101,24
nrt12-72-p6-esoob-con-acc-sw5-tor2,NRT72.03-1.03-01-011-101,22
nrt12-72-p6-sw7-wsoob-con-r1,NRT72.03-1.03-01-015-61,40
nrt12-72-p6-sw7-wsoob-con-r2,NRT72.03-1.03-01-015-61,39
nrt12-72-p6-sw8-wsoob-con-r1,NRT72.03-1.03-01-015-61,37
nrt12-72-p6-sw8-wsoob-con-r2,NRT72.03-1.03-01-015-61,36
nrt12-72-p6-wsoob-con-acc-sw7,NRT72.03-1.03-01-015-61,34
nrt12-72-p6-wsoob-con-acc-sw8,NRT72.03-1.03-01-015-61,33
nrt12-72-p6-esoob-con-acc-sw7,NRT72.03-1.03-01-015-61,31
nrt12-72-p6-esoob-con-acc-sw8,NRT72.03-1.03-01-015-61,30
nrt12-72-p6-wsoob-con-acc-sw7-tor1,NRT72.03-1.03-01-015-61,28
nrt12-72-p6-wsoob-con-acc-sw8-tor1,NRT72.03-1.03-01-015-61,27
nrt12-72-p6-esoob-con-acc-sw7-tor1,NRT72.03-1.03-01-015-61,25
nrt12-72-p6-esoob-con-acc-sw8-tor1,NRT72.03-1.03-01-015-61,24
nrt12-72-p6-esoob-con-acc-sw7-tor2,NRT72.03-1.03-01-015-61,22
nrt12-72-es-mgmt-cor-r2,NRT72.2-1.02-01-001-26,34
nrt12-72-es-mgmt-cor-r1,NRT72.2-1.02-01-001-26,33
nrt12-72-p1-sw1-wsoob-con-r1,NRT72.2-1.02-01-001-26,31
nrt12-72-es-mgmt-cor-v1,NRT72.2-1.02-01-001-26,29
nrt12-72-esoob-con-agg-r2,NRT72.2-1.02-01-001-26,27
nrt12-72-esoob-con-agg-r1,NRT72.2-1.02-01-001-26,26
nrt12-72-es-mgmt-agg-r12,NRT72.2-1.02-01-001-26,23
nrt12-72-es-mgmt-agg-r11,NRT72.2-1.02-01-001-26,22
nrt12-72-es-mgmt-agg-r10,NRT72.2-1.02-01-001-26,20
nrt12-72-es-mgmt-agg-r9,NRT72.2-1.02-01-001-26,19
nrt12-72-es-mgmt-agg-r8,NRT72.2-1.02-01-001-26,17
nrt12-72-es-mgmt-agg-r7,NRT72.2-1.02-01-001-26,16
nrt12-72-es-mgmt-agg-r6,NRT72.2-1.02-01-001-26,14
nrt12-72-es-mgmt-agg-r5,NRT72.2-1.02-01-001-26,13
nrt12-72-es-e1-mgmt-r2,NRT72.2-1.02-01-001-26,11
nrt12-72-es-e1-mgmt-r1,NRT72.2-1.02-01-001-26,10
nrt12-72-es-c1-mgmt-r2,NRT72.2-1.02-01-001-26,8
nrt12-72-es-c1-mgmt-r1,NRT72.2-1.02-01-001-26,7
nrt12-72-p1-sw1-wsoob-con-r2,NRT72.2-1.02-01-001-29,47
nrt12-72-con-cor-r2,NRT72.2-1.02-01-001-29,45
nrt12-72-con-cor-r1,NRT72.2-1.02-01-001-29,44
nrt12-72-co-flb-be-r1,NRT72.2-1.02-01-001-29,43
nrt12-72-co-acc-sw002,NRT72.2-1.02-01-001-29,35
nrt12-72-co-acc-sw001,NRT72.2-1.02-01-001-29,34
nrt12-72-wdm-agg-r102,NRT72.2-1.02-01-001-29,32
nrt12-72-wdm-agg-r101,NRT72.2-1.02-01-001-29,31
nrt12-72-co-dsn-fw2,NRT72.2-1.02-01-001-29,29
nrt12-72-co-dsn-fw1,NRT72.2-1.02-01-001-29,28
nrt12-72-co-agg-r102,NRT72.2-1.02-01-001-29,26
nrt12-72-co-agg-r101,NRT72.2-1.02-01-001-29,25
nrt12-72-co-agg-r2,NRT72.2-1.02-01-001-29,22
nrt12-72-co-agg-r1,NRT72.2-1.02-01-001-29,19
nrt12-72-co-cor-r2,NRT72.2-1.02-01-001-29,16
nrt12-72-co-cor-r1,NRT72.2-1.02-01-001-29,13
nrt12-72-np-cor-r102,NRT72.2-1.02-01-001-29,10
nrt12-72-np-cor-r101,NRT72.2-1.02-01-001-29,7
nrt12-72-ws-mgmt-cor-r2,NRT72.2-1.02-01-001-32,34
nrt12-72-ws-mgmt-cor-r1,NRT72.2-1.02-01-001-32,33
nrt12-72-p1-sw1-wsoob-con-r3,NRT72.2-1.02-01-001-32,31
nrt12-72-ws-mgmt-cor-v1,NRT72.2-1.02-01-001-32,29
nrt12-72-wsoob-con-agg-r2,NRT72.2-1.02-01-001-32,27
nrt12-72-wsoob-con-agg-r1,NRT72.2-1.02-01-001-32,26
nrt12-72-ws-mgmt-agg-r12,NRT72.2-1.02-01-001-32,23
nrt12-72-ws-mgmt-agg-r11,NRT72.2-1.02-01-001-32,22
nrt12-72-ws-mgmt-agg-r10,NRT72.2-1.02-01-001-32,20
nrt12-72-ws-mgmt-agg-r9,NRT72.2-1.02-01-001-32,19
nrt12-72-ws-mgmt-agg-r8,NRT72.2-1.02-01-001-32,17
nrt12-72-ws-mgmt-agg-r7,NRT72.2-1.02-01-001-32,16
nrt12-72-ws-mgmt-agg-r6,NRT72.2-1.02-01-001-32,14
nrt12-72-ws-mgmt-agg-r5,NRT72.2-1.02-01-001-32,13
nrt12-72-ws-e1-mgmt-r2,NRT72.2-1.02-01-001-32,11
nrt12-72-ws-e1-mgmt-r1,NRT72.2-1.02-01-001-32,10
nrt12-72-ws-c1-mgmt-r2,NRT72.2-1.02-01-001-32,8
nrt12-72-ws-c1-mgmt-r1,NRT72.2-1.02-01-001-32,7
nrt12-72-co-ctl-fw1,NRT72.2-1.02-01-001-35,15
nrt12-72-co-ctl-fw2,NRT72.2-1.02-01-001-35,13
NRT12-72-ES-C1-S1-R1,NRT72.2-1.02-01-002-14,47
NRT12-72-ES-C1-S1-R2,NRT72.2-1.02-01-002-14,45
NRT12-72-ES-C1-S1-R3,NRT72.2-1.02-01-002-14,43
NRT12-72-ES-C1-S1-R4,NRT72.2-1.02-01-002-14,41
NRT12-72-ES-C1-OOB-CON-S1-2,NRT72.2-1.02-01-002-14,33
NRT12-72-ES-C1-S1-R5,NRT72.2-1.02-01-002-14,32
NRT12-72-ES-C1-S1-R6,NRT72.2-1.02-01-002-14,30
NRT12-72-ES-C1-S1-R7,NRT72.2-1.02-01-002-14,28
NRT12-72-ES-C1-S1-R8,NRT72.2-1.02-01-002-14,26
NRT12-72-ES-C1-S2-R1,NRT72.2-1.02-01-002-14,22
NRT12-72-ES-C1-S2-R2,NRT72.2-1.02-01-002-14,20
NRT12-72-ES-C1-S2-R3,NRT72.2-1.02-01-002-14,18
NRT12-72-ES-C1-S2-R4,NRT72.2-1.02-01-002-14,16
NRT12-72-ES-MGMT-SW-100-102-196-0,NRT72.2-1.02-01-002-14,14
NRT12-72-ES-C1-S2-R5,NRT72.2-1.02-01-002-14,8
NRT12-72-ES-C1-S2-R6,NRT72.2-1.02-01-002-14,6
NRT12-72-ES-C1-S2-R7,NRT72.2-1.02-01-002-14,4
NRT12-72-ES-C1-S2-R8,NRT72.2-1.02-01-002-14,2
NRT12-72-ES-C1-S3-R1,NRT72.2-1.02-01-002-20,47
NRT12-72-ES-C1-S3-R2,NRT72.2-1.02-01-002-20,45
NRT12-72-ES-C1-S3-R3,NRT72.2-1.02-01-002-20,43
NRT12-72-ES-C1-S3-R4,NRT72.2-1.02-01-002-20,41
NRT12-72-ES-C1-OOB-CON-S3-4,NRT72.2-1.02-01-002-20,33
NRT12-72-ES-C1-S3-R5,NRT72.2-1.02-01-002-20,32
NRT12-72-ES-C1-S3-R6,NRT72.2-1.02-01-002-20,30
NRT12-72-ES-C1-S3-R7,NRT72.2-1.02-01-002-20,28
NRT12-72-ES-C1-S3-R8,NRT72.2-1.02-01-002-20,26
NRT12-72-ES-C1-S4-R1,NRT72.2-1.02-01-002-20,22
NRT12-72-ES-C1-S4-R2,NRT72.2-1.02-01-002-20,20
NRT12-72-ES-C1-S4-R3,NRT72.2-1.02-01-002-20,18
NRT12-72-ES-C1-S4-R4,NRT72.2-1.02-01-002-20,16
NRT12-72-ES-MGMT-SW-100-102-196-64,NRT72.2-1.02-01-002-20,14
NRT12-72-ES-C1-S4-R5,NRT72.2-1.02-01-002-20,8
NRT12-72-ES-C1-S4-R6,NRT72.2-1.02-01-002-20,6
NRT12-72-ES-C1-S4-R7,NRT72.2-1.02-01-002-20,4
NRT12-72-ES-C1-S4-R8,NRT72.2-1.02-01-002-20,2
NRT12-72-ES-C1-B1-T2-R1,NRT72.2-1.02-01-002-26,47
NRT12-72-ES-C1-B1-T2-R2,NRT72.2-1.02-01-002-26,46
NRT12-72-ES-C1-B1-T2-R3,NRT72.2-1.02-01-002-26,45
NRT12-72-ES-C1-B1-T2-R4,NRT72.2-1.02-01-002-26,44
NRT12-72-ES-C1-B1-T2-R5,NRT72.2-1.02-01-002-26,43
NRT12-72-ES-C1-B1-T2-R6,NRT72.2-1.02-01-002-26,42
NRT12-72-ES-C1-B1-T2-R7,NRT72.2-1.02-01-002-26,41
NRT12-72-ES-C1-B1-T2-R8,NRT72.2-1.02-01-002-26,40
NRT12-72-ES-C1-OOB-CON-B1,NRT72.2-1.02-01-002-26,33
NRT12-72-ES-C1-B1-T1-R1,NRT72.2-1.02-01-002-26,32
NRT12-72-ES-C1-B1-T1-R3,NRT72.2-1.02-01-002-26,31
NRT12-72-ES-C1-B1-T1-R5,NRT72.2-1.02-01-002-26,30
NRT12-72-ES-C1-B1-T1-R7,NRT72.2-1.02-01-002-26,29
NRT12-72-ES-C1-B1-T1-R9,NRT72.2-1.02-01-002-26,28
NRT12-72-ES-C1-B1-T1-R11,NRT72.2-1.02-01-002-26,27
NRT12-72-ES-C1-B1-T1-R13,NRT72.2-1.02-01-002-26,26
NRT12-72-ES-C1-B1-T1-R15,NRT72.2-1.02-01-002-26,25
NRT12-72-ES-C1-B1-T1-R2,NRT72.2-1.02-01-002-26,22
NRT12-72-ES-C1-B1-T1-R4,NRT72.2-1.02-01-002-26,21
NRT12-72-ES-C1-B1-T1-R6,NRT72.2-1.02-01-002-26,20
NRT12-72-ES-C1-B1-T1-R8,NRT72.2-1.02-01-002-26,19
NRT12-72-ES-C1-B1-T1-R10,NRT72.2-1.02-01-002-26,18
NRT12-72-ES-C1-B1-T1-R12,NRT72.2-1.02-01-002-26,17
NRT12-72-ES-C1-B1-T1-R14,NRT72.2-1.02-01-002-26,16
NRT12-72-ES-C1-B1-T1-R16,NRT72.2-1.02-01-002-26,15
NRT12-72-ES-MGMT-SW-100-102-198-0,NRT72.2-1.02-01-002-26,14
NRT12-72-ES-C1-B1-T2-R9,NRT72.2-1.02-01-002-26,9
NRT12-72-ES-C1-B1-T2-R10,NRT72.2-1.02-01-002-26,8
NRT12-72-ES-C1-B1-T2-R11,NRT72.2-1.02-01-002-26,7
NRT12-72-ES-C1-B1-T2-R12,NRT72.2-1.02-01-002-26,6
NRT12-72-ES-C1-B1-T2-R13,NRT72.2-1.02-01-002-26,5
NRT12-72-ES-C1-B1-T2-R14,NRT72.2-1.02-01-002-26,4
NRT12-72-ES-C1-B1-T2-R15,NRT72.2-1.02-01-002-26,3
NRT12-72-ES-C1-B1-T2-R16,NRT72.2-1.02-01-002-26,2
NRT12-72-ES-C1-B3-T2-R1,NRT72.2-1.02-01-002-29,47
NRT12-72-ES-C1-B3-T2-R2,NRT72.2-1.02-01-002-29,46
NRT12-72-ES-C1-B3-T2-R3,NRT72.2-1.02-01-002-29,45
NRT12-72-ES-C1-B3-T2-R4,NRT72.2-1.02-01-002-29,44
NRT12-72-ES-C1-B3-T2-R5,NRT72.2-1.02-01-002-29,43
NRT12-72-ES-C1-B3-T2-R6,NRT72.2-1.02-01-002-29,42
NRT12-72-ES-C1-B3-T2-R7,NRT72.2-1.02-01-002-29,41
NRT12-72-ES-C1-B3-T2-R8,NRT72.2-1.02-01-002-29,40
NRT12-72-ES-C1-OOB-CON-B3,NRT72.2-1.02-01-002-29,33
NRT12-72-ES-C1-B3-T1-R1,NRT72.2-1.02-01-002-29,32
NRT12-72-ES-C1-B3-T1-R3,NRT72.2-1.02-01-002-29,31
NRT12-72-ES-C1-B3-T1-R5,NRT72.2-1.02-01-002-29,30
NRT12-72-ES-C1-B3-T1-R7,NRT72.2-1.02-01-002-29,29
NRT12-72-ES-C1-B3-T1-R9,NRT72.2-1.02-01-002-29,28
NRT12-72-ES-C1-B3-T1-R11,NRT72.2-1.02-01-002-29,27
NRT12-72-ES-C1-B3-T1-R13,NRT72.2-1.02-01-002-29,26
NRT12-72-ES-C1-B3-T1-R15,NRT72.2-1.02-01-002-29,25
NRT12-72-ES-C1-B3-T1-R2,NRT72.2-1.02-01-002-29,22
NRT12-72-ES-C1-B3-T1-R4,NRT72.2-1.02-01-002-29,21
NRT12-72-ES-C1-B3-T1-R6,NRT72.2-1.02-01-002-29,20
NRT12-72-ES-C1-B3-T1-R8,NRT72.2-1.02-01-002-29,19
NRT12-72-ES-C1-B3-T1-R10,NRT72.2-1.02-01-002-29,18
NRT12-72-ES-C1-B3-T1-R12,NRT72.2-1.02-01-002-29,17
NRT12-72-ES-C1-B3-T1-R14,NRT72.2-1.02-01-002-29,16
NRT12-72-ES-C1-B3-T1-R16,NRT72.2-1.02-01-002-29,15
NRT12-72-ES-MGMT-SW-100-102-198-128,NRT72.2-1.02-01-002-29,14
NRT12-72-ES-C1-B3-T2-R9,NRT72.2-1.02-01-002-29,9
NRT12-72-ES-C1-B3-T2-R10,NRT72.2-1.02-01-002-29,8
NRT12-72-ES-C1-B3-T2-R11,NRT72.2-1.02-01-002-29,7
NRT12-72-ES-C1-B3-T2-R12,NRT72.2-1.02-01-002-29,6
NRT12-72-ES-C1-B3-T2-R13,NRT72.2-1.02-01-002-29,5
NRT12-72-ES-C1-B3-T2-R14,NRT72.2-1.02-01-002-29,4
NRT12-72-ES-C1-B3-T2-R15,NRT72.2-1.02-01-002-29,3
NRT12-72-ES-C1-B3-T2-R16,NRT72.2-1.02-01-002-29,2
NRT12-72-WS-C1-S1-R1,NRT72.2-1.02-01-002-41,47
NRT12-72-WS-C1-S1-R2,NRT72.2-1.02-01-002-41,45
NRT12-72-WS-C1-S1-R3,NRT72.2-1.02-01-002-41,43
NRT12-72-WS-C1-S1-R4,NRT72.2-1.02-01-002-41,41
NRT12-72-WS-C1-OOB-CON-S1-2,NRT72.2-1.02-01-002-41,33
NRT12-72-WS-C1-S1-R5,NRT72.2-1.02-01-002-41,32
NRT12-72-WS-C1-S1-R6,NRT72.2-1.02-01-002-41,30
NRT12-72-WS-C1-S1-R7,NRT72.2-1.02-01-002-41,28
NRT12-72-WS-C1-S1-R8,NRT72.2-1.02-01-002-41,26
NRT12-72-WS-C1-S2-R1,NRT72.2-1.02-01-002-41,22
NRT12-72-WS-C1-S2-R2,NRT72.2-1.02-01-002-41,20
NRT12-72-WS-C1-S2-R3,NRT72.2-1.02-01-002-41,18
NRT12-72-WS-C1-S2-R4,NRT72.2-1.02-01-002-41,16
NRT12-72-WS-MGMT-SW-100-65-116-0,NRT72.2-1.02-01-002-41,14
NRT12-72-WS-C1-S2-R5,NRT72.2-1.02-01-002-41,8
NRT12-72-WS-C1-S2-R6,NRT72.2-1.02-01-002-41,6
NRT12-72-WS-C1-S2-R7,NRT72.2-1.02-01-002-41,4
NRT12-72-WS-C1-S2-R8,NRT72.2-1.02-01-002-41,2
NRT12-72-WS-C1-B1-T2-R1,NRT72.2-1.02-01-002-44,47
NRT12-72-WS-C1-B1-T2-R2,NRT72.2-1.02-01-002-44,45
NRT12-72-WS-C1-B1-T2-R3,NRT72.2-1.02-01-002-44,43
NRT12-72-WS-C1-B1-T2-R4,NRT72.2-1.02-01-002-44,41
NRT12-72-WS-C1-OOB-CON-B1,NRT72.2-1.02-01-002-44,33
NRT12-72-WS-C1-B1-T1-R1,NRT72.2-1.02-01-002-44,32
NRT12-72-WS-C1-B1-T1-R3,NRT72.2-1.02-01-002-44,30
NRT12-72-WS-C1-B1-T1-R5,NRT72.2-1.02-01-002-44,28
NRT12-72-WS-C1-B1-T1-R7,NRT72.2-1.02-01-002-44,26
NRT12-72-WS-C1-B1-T1-R2,NRT72.2-1.02-01-002-44,22
NRT12-72-WS-C1-B1-T1-R4,NRT72.2-1.02-01-002-44,20
NRT12-72-WS-C1-B1-T1-R6,NRT72.2-1.02-01-002-44,18
NRT12-72-WS-C1-B1-T1-R8,NRT72.2-1.02-01-002-44,16
NRT12-72-WS-MGMT-SW-100-65-118-0,NRT72.2-1.02-01-002-44,14
NRT12-72-WS-C1-B1-T2-R5,NRT72.2-1.02-01-002-44,8
NRT12-72-WS-C1-B1-T2-R6,NRT72.2-1.02-01-002-44,6
NRT12-72-WS-C1-B1-T2-R7,NRT72.2-1.02-01-002-44,4
NRT12-72-WS-C1-B1-T2-R8,NRT72.2-1.02-01-002-44,2
NRT12-72-WS-C1-B3-T2-R1,NRT72.2-1.02-01-002-47,47
NRT12-72-WS-C1-B3-T2-R2,NRT72.2-1.02-01-002-47,46
NRT12-72-WS-C1-B3-T2-R3,NRT72.2-1.02-01-002-47,45
NRT12-72-WS-C1-B3-T2-R4,NRT72.2-1.02-01-002-47,44
NRT12-72-WS-C1-B3-T2-R5,NRT72.2-1.02-01-002-47,43
NRT12-72-WS-C1-B3-T2-R6,NRT72.2-1.02-01-002-47,42
NRT12-72-WS-C1-B3-T2-R7,NRT72.2-1.02-01-002-47,41
NRT12-72-WS-C1-B3-T2-R8,NRT72.2-1.02-01-002-47,40
NRT12-72-WS-C1-OOB-CON-B3,NRT72.2-1.02-01-002-47,33
NRT12-72-WS-C1-B3-T1-R1,NRT72.2-1.02-01-002-47,32
NRT12-72-WS-C1-B3-T1-R3,NRT72.2-1.02-01-002-47,31
NRT12-72-WS-C1-B3-T1-R5,NRT72.2-1.02-01-002-47,30
NRT12-72-WS-C1-B3-T1-R7,NRT72.2-1.02-01-002-47,29
NRT12-72-WS-C1-B3-T1-R9,NRT72.2-1.02-01-002-47,28
NRT12-72-WS-C1-B3-T1-R11,NRT72.2-1.02-01-002-47,27
NRT12-72-WS-C1-B3-T1-R13,NRT72.2-1.02-01-002-47,26
NRT12-72-WS-C1-B3-T1-R15,NRT72.2-1.02-01-002-47,25
NRT12-72-WS-C1-B3-T1-R2,NRT72.2-1.02-01-002-47,22
NRT12-72-WS-C1-B3-T1-R4,NRT72.2-1.02-01-002-47,21
NRT12-72-WS-C1-B3-T1-R6,NRT72.2-1.02-01-002-47,20
NRT12-72-WS-C1-B3-T1-R8,NRT72.2-1.02-01-002-47,19
NRT12-72-WS-C1-B3-T1-R10,NRT72.2-1.02-01-002-47,18
NRT12-72-WS-C1-B3-T1-R12,NRT72.2-1.02-01-002-47,17
NRT12-72-WS-C1-B3-T1-R14,NRT72.2-1.02-01-002-47,16
NRT12-72-WS-C1-B3-T1-R16,NRT72.2-1.02-01-002-47,15
NRT12-72-WS-MGMT-SW-100-65-118-128,NRT72.2-1.02-01-002-47,14
NRT12-72-WS-C1-B3-T2-R9,NRT72.2-1.02-01-002-47,9
NRT12-72-WS-C1-B3-T2-R10,NRT72.2-1.02-01-002-47,8
NRT12-72-WS-C1-B3-T2-R11,NRT72.2-1.02-01-002-47,7
NRT12-72-WS-C1-B3-T2-R12,NRT72.2-1.02-01-002-47,6
NRT12-72-WS-C1-B3-T2-R13,NRT72.2-1.02-01-002-47,5
NRT12-72-WS-C1-B3-T2-R14,NRT72.2-1.02-01-002-47,4
NRT12-72-WS-C1-B3-T2-R15,NRT72.2-1.02-01-002-47,3
NRT12-72-WS-C1-B3-T2-R16,NRT72.2-1.02-01-002-47,2
NRT12-72-ES-C1-B4-T2-R1,NRT72.2-1.02-01-003-14,47
NRT12-72-ES-C1-B4-T2-R2,NRT72.2-1.02-01-003-14,46
NRT12-72-ES-C1-B4-T2-R3,NRT72.2-1.02-01-003-14,45
NRT12-72-ES-C1-B4-T2-R4,NRT72.2-1.02-01-003-14,44
NRT12-72-ES-C1-B4-T2-R5,NRT72.2-1.02-01-003-14,43
NRT12-72-ES-C1-B4-T2-R6,NRT72.2-1.02-01-003-14,42
NRT12-72-ES-C1-B4-T2-R7,NRT72.2-1.02-01-003-14,41
NRT12-72-ES-C1-B4-T2-R8,NRT72.2-1.02-01-003-14,40
NRT12-72-ES-C1-OOB-CON-B4,NRT72.2-1.02-01-003-14,33
NRT12-72-ES-C1-B4-T1-R1,NRT72.2-1.02-01-003-14,32
NRT12-72-ES-C1-B4-T1-R3,NRT72.2-1.02-01-003-14,31
NRT12-72-ES-C1-B4-T1-R5,NRT72.2-1.02-01-003-14,30
NRT12-72-ES-C1-B4-T1-R7,NRT72.2-1.02-01-003-14,29
NRT12-72-ES-C1-B4-T1-R9,NRT72.2-1.02-01-003-14,28
NRT12-72-ES-C1-B4-T1-R11,NRT72.2-1.02-01-003-14,27
NRT12-72-ES-C1-B4-T1-R13,NRT72.2-1.02-01-003-14,26
NRT12-72-ES-C1-B4-T1-R15,NRT72.2-1.02-01-003-14,25
NRT12-72-ES-C1-B4-T1-R2,NRT72.2-1.02-01-003-14,22
NRT12-72-ES-C1-B4-T1-R4,NRT72.2-1.02-01-003-14,21
NRT12-72-ES-C1-B4-T1-R6,NRT72.2-1.02-01-003-14,20
NRT12-72-ES-C1-B4-T1-R8,NRT72.2-1.02-01-003-14,19
NRT12-72-ES-C1-B4-T1-R10,NRT72.2-1.02-01-003-14,18
NRT12-72-ES-C1-B4-T1-R12,NRT72.2-1.02-01-003-14,17
NRT12-72-ES-C1-B4-T1-R14,NRT72.2-1.02-01-003-14,16
NRT12-72-ES-C1-B4-T1-R16,NRT72.2-1.02-01-003-14,15
NRT12-72-ES-MGMT-SW-100-102-198-192,NRT72.2-1.02-01-003-14,14
NRT12-72-ES-C1-B4-T2-R9,NRT72.2-1.02-01-003-14,9
NRT12-72-ES-C1-B4-T2-R10,NRT72.2-1.02-01-003-14,8
NRT12-72-ES-C1-B4-T2-R11,NRT72.2-1.02-01-003-14,7
NRT12-72-ES-C1-B4-T2-R12,NRT72.2-1.02-01-003-14,6
NRT12-72-ES-C1-B4-T2-R13,NRT72.2-1.02-01-003-14,5
NRT12-72-ES-C1-B4-T2-R14,NRT72.2-1.02-01-003-14,4
NRT12-72-ES-C1-B4-T2-R15,NRT72.2-1.02-01-003-14,3
NRT12-72-ES-C1-B4-T2-R16,NRT72.2-1.02-01-003-14,2
NRT12-72-ES-C1-B2-T2-R1,NRT72.2-1.02-01-003-17,47
NRT12-72-ES-C1-B2-T2-R2,NRT72.2-1.02-01-003-17,46
NRT12-72-ES-C1-B2-T2-R3,NRT72.2-1.02-01-003-17,45
NRT12-72-ES-C1-B2-T2-R4,NRT72.2-1.02-01-003-17,44
NRT12-72-ES-C1-B2-T2-R5,NRT72.2-1.02-01-003-17,43
NRT12-72-ES-C1-B2-T2-R6,NRT72.2-1.02-01-003-17,42
NRT12-72-ES-C1-B2-T2-R7,NRT72.2-1.02-01-003-17,41
NRT12-72-ES-C1-B2-T2-R8,NRT72.2-1.02-01-003-17,40
NRT12-72-ES-C1-OOB-CON-B2,NRT72.2-1.02-01-003-17,33
NRT12-72-ES-C1-B2-T1-R1,NRT72.2-1.02-01-003-17,32
NRT12-72-ES-C1-B2-T1-R3,NRT72.2-1.02-01-003-17,31
NRT12-72-ES-C1-B2-T1-R5,NRT72.2-1.02-01-003-17,30
NRT12-72-ES-C1-B2-T1-R7,NRT72.2-1.02-01-003-17,29
NRT12-72-ES-C1-B2-T1-R9,NRT72.2-1.02-01-003-17,28
NRT12-72-ES-C1-B2-T1-R11,NRT72.2-1.02-01-003-17,27
NRT12-72-ES-C1-B2-T1-R13,NRT72.2-1.02-01-003-17,26
NRT12-72-ES-C1-B2-T1-R15,NRT72.2-1.02-01-003-17,25
NRT12-72-ES-C1-B2-T1-R2,NRT72.2-1.02-01-003-17,22
NRT12-72-ES-C1-B2-T1-R4,NRT72.2-1.02-01-003-17,21
NRT12-72-ES-C1-B2-T1-R6,NRT72.2-1.02-01-003-17,20
NRT12-72-ES-C1-B2-T1-R8,NRT72.2-1.02-01-003-17,19
NRT12-72-ES-C1-B2-T1-R10,NRT72.2-1.02-01-003-17,18
NRT12-72-ES-C1-B2-T1-R12,NRT72.2-1.02-01-003-17,17
NRT12-72-ES-C1-B2-T1-R14,NRT72.2-1.02-01-003-17,16
NRT12-72-ES-C1-B2-T1-R16,NRT72.2-1.02-01-003-17,15
NRT12-72-ES-MGMT-SW-100-102-198-64,NRT72.2-1.02-01-003-17,14
NRT12-72-ES-C1-B2-T2-R9,NRT72.2-1.02-01-003-17,9
NRT12-72-ES-C1-B2-T2-R10,NRT72.2-1.02-01-003-17,8
NRT12-72-ES-C1-B2-T2-R11,NRT72.2-1.02-01-003-17,7
NRT12-72-ES-C1-B2-T2-R12,NRT72.2-1.02-01-003-17,6
NRT12-72-ES-C1-B2-T2-R13,NRT72.2-1.02-01-003-17,5
NRT12-72-ES-C1-B2-T2-R14,NRT72.2-1.02-01-003-17,4
NRT12-72-ES-C1-B2-T2-R15,NRT72.2-1.02-01-003-17,3
NRT12-72-ES-C1-B2-T2-R16,NRT72.2-1.02-01-003-17,2
NRT12-72-ES-C1-S7-R1,NRT72.2-1.02-01-003-23,47
NRT12-72-ES-C1-S7-R2,NRT72.2-1.02-01-003-23,45
NRT12-72-ES-C1-S7-R3,NRT72.2-1.02-01-003-23,43
NRT12-72-ES-C1-S7-R4,NRT72.2-1.02-01-003-23,41
NRT12-72-ES-C1-OOB-CON-S7-8,NRT72.2-1.02-01-003-23,33
NRT12-72-ES-C1-S7-R5,NRT72.2-1.02-01-003-23,32
NRT12-72-ES-C1-S7-R6,NRT72.2-1.02-01-003-23,30
NRT12-72-ES-C1-S7-R7,NRT72.2-1.02-01-003-23,28
NRT12-72-ES-C1-S7-R8,NRT72.2-1.02-01-003-23,26
NRT12-72-ES-C1-S8-R1,NRT72.2-1.02-01-003-23,22
NRT12-72-ES-C1-S8-R2,NRT72.2-1.02-01-003-23,20
NRT12-72-ES-C1-S8-R3,NRT72.2-1.02-01-003-23,18
NRT12-72-ES-C1-S8-R4,NRT72.2-1.02-01-003-23,16
NRT12-72-ES-MGMT-SW-100-102-196-192,NRT72.2-1.02-01-003-23,14
NRT12-72-ES-C1-S8-R5,NRT72.2-1.02-01-003-23,8
NRT12-72-ES-C1-S8-R6,NRT72.2-1.02-01-003-23,6
NRT12-72-ES-C1-S8-R7,NRT72.2-1.02-01-003-23,4
NRT12-72-ES-C1-S8-R8,NRT72.2-1.02-01-003-23,2
NRT12-72-ES-C1-S5-R1,NRT72.2-1.02-01-003-29,47
NRT12-72-ES-C1-S5-R2,NRT72.2-1.02-01-003-29,45
NRT12-72-ES-C1-S5-R3,NRT72.2-1.02-01-003-29,43
NRT12-72-ES-C1-S5-R4,NRT72.2-1.02-01-003-29,41
NRT12-72-ES-C1-OOB-CON-S5-6,NRT72.2-1.02-01-003-29,33
NRT12-72-ES-C1-S5-R5,NRT72.2-1.02-01-003-29,32
NRT12-72-ES-C1-S5-R6,NRT72.2-1.02-01-003-29,30
NRT12-72-ES-C1-S5-R7,NRT72.2-1.02-01-003-29,28
NRT12-72-ES-C1-S5-R8,NRT72.2-1.02-01-003-29,26
NRT12-72-ES-C1-S6-R1,NRT72.2-1.02-01-003-29,22
NRT12-72-ES-C1-S6-R2,NRT72.2-1.02-01-003-29,20
NRT12-72-ES-C1-S6-R3,NRT72.2-1.02-01-003-29,18
NRT12-72-ES-C1-S6-R4,NRT72.2-1.02-01-003-29,16
NRT12-72-ES-MGMT-SW-100-102-196-128,NRT72.2-1.02-01-003-29,14
NRT12-72-ES-C1-S6-R5,NRT72.2-1.02-01-003-29,8
NRT12-72-ES-C1-S6-R6,NRT72.2-1.02-01-003-29,6
NRT12-72-ES-C1-S6-R7,NRT72.2-1.02-01-003-29,4
NRT12-72-ES-C1-S6-R8,NRT72.2-1.02-01-003-29,2
NRT12-72-WS-C1-B2-T2-R1,NRT72.2-1.02-01-003-41,47
NRT12-72-WS-C1-B2-T2-R2,NRT72.2-1.02-01-003-41,45
NRT12-72-WS-C1-B2-T2-R3,NRT72.2-1.02-01-003-41,43
NRT12-72-WS-C1-B2-T2-R4,NRT72.2-1.02-01-003-41,41
NRT12-72-WS-C1-OOB-CON-B2,NRT72.2-1.02-01-003-41,33
NRT12-72-WS-C1-B2-T1-R1,NRT72.2-1.02-01-003-41,32
NRT12-72-WS-C1-B2-T1-R3,NRT72.2-1.02-01-003-41,30
NRT12-72-WS-C1-B2-T1-R5,NRT72.2-1.02-01-003-41,28
NRT12-72-WS-C1-B2-T1-R7,NRT72.2-1.02-01-003-41,26
NRT12-72-WS-C1-B2-T1-R2,NRT72.2-1.02-01-003-41,22
NRT12-72-WS-C1-B2-T1-R4,NRT72.2-1.02-01-003-41,20
NRT12-72-WS-C1-B2-T1-R6,NRT72.2-1.02-01-003-41,18
NRT12-72-WS-C1-B2-T1-R8,NRT72.2-1.02-01-003-41,16
NRT12-72-WS-MGMT-SW-100-65-118-64,NRT72.2-1.02-01-003-41,14
NRT12-72-WS-C1-B2-T2-R5,NRT72.2-1.02-01-003-41,8
NRT12-72-WS-C1-B2-T2-R6,NRT72.2-1.02-01-003-41,6
NRT12-72-WS-C1-B2-T2-R7,NRT72.2-1.02-01-003-41,4
NRT12-72-WS-C1-B2-T2-R8,NRT72.2-1.02-01-003-41,2
NRT12-72-WS-C1-S3-R1,NRT72.2-1.02-01-003-44,47
NRT12-72-WS-C1-S3-R2,NRT72.2-1.02-01-003-44,45
NRT12-72-WS-C1-S3-R3,NRT72.2-1.02-01-003-44,43
NRT12-72-WS-C1-S3-R4,NRT72.2-1.02-01-003-44,41
NRT12-72-WS-C1-OOB-CON-S3-4,NRT72.2-1.02-01-003-44,33
NRT12-72-WS-C1-S3-R5,NRT72.2-1.02-01-003-44,32
NRT12-72-WS-C1-S3-R6,NRT72.2-1.02-01-003-44,30
NRT12-72-WS-C1-S3-R7,NRT72.2-1.02-01-003-44,28
NRT12-72-WS-C1-S3-R8,NRT72.2-1.02-01-003-44,26
NRT12-72-WS-C1-S4-R1,NRT72.2-1.02-01-003-44,22
NRT12-72-WS-C1-S4-R2,NRT72.2-1.02-01-003-44,20
NRT12-72-WS-C1-S4-R3,NRT72.2-1.02-01-003-44,18
NRT12-72-WS-C1-S4-R4,NRT72.2-1.02-01-003-44,16
NRT12-72-WS-MGMT-SW-100-65-116-64,NRT72.2-1.02-01-003-44,14
NRT12-72-WS-C1-S4-R5,NRT72.2-1.02-01-003-44,8
NRT12-72-WS-C1-S4-R6,NRT72.2-1.02-01-003-44,6
NRT12-72-WS-C1-S4-R7,NRT72.2-1.02-01-003-44,4
NRT12-72-WS-C1-S4-R8,NRT72.2-1.02-01-003-44,2
NRT12-72-P1-SW1-WSOOB-CON-R4,NRT72.2-1.02-01-003-50,40
NRT12-72-P1-SW1-WSOOB-CON-R5,NRT72.2-1.02-01-003-50,39
NRT12-72-P1-SW3-WSOOB-CON-R1,NRT72.2-1.02-01-003-50,37
NRT12-72-P1-SW3-WSOOB-CON-R2,NRT72.2-1.02-01-003-50,36
NRT12-72-P1-WSOOB-CON-ACC-SW1,NRT72.2-1.02-01-003-50,34
NRT12-72-P1-WSOOB-CON-ACC-SW3,NRT72.2-1.02-01-003-50,33
NRT12-72-P1-ESOOB-CON-ACC-SW1,NRT72.2-1.02-01-003-50,31
NRT12-72-P1-ESOOB-CON-ACC-SW3,NRT72.2-1.02-01-003-50,30
NRT12-72-P1-WSOOB-CON-ACC-SW1-TOR1,NRT72.2-1.02-01-003-50,28
NRT12-72-P1-WSOOB-CON-ACC-SW3-TOR1,NRT72.2-1.02-01-003-50,27
NRT12-72-P1-ESOOB-CON-ACC-SW1-TOR1,NRT72.2-1.02-01-003-50,25
NRT12-72-P1-ESOOB-CON-ACC-SW3-TOR1,NRT72.2-1.02-01-003-50,24
NRT12-72-P1-ESOOB-CON-ACC-SW1-TOR2,NRT72.2-1.02-01-003-50,22
NRT12-72-P1-WSOOB-POD-AGG-R1,NRT72.2-1.02-01-003-50,17
NRT12-72-P1-ESOOB-POD-AGG-R1,NRT72.2-1.02-01-003-50,16
NRT12-72-CO-ACC-SW003,NRT72.2-1.02-01-003-50,13
NRT12-72-CO-ACC-SW005,NRT72.2-1.02-01-003-50,12
NRT12-72-P2-SW1-WSOOB-CON-R1,NRT72.2-1.02-01-004-101,41
NRT12-72-P2-SW1-WSOOB-CON-R2,NRT72.2-1.02-01-004-101,40
NRT12-72-P2-SW2-WSOOB-CON-R1,NRT72.2-1.02-01-004-101,38
NRT12-72-P2-SW2-WSOOB-CON-R2,NRT72.2-1.02-01-004-101,37
NRT12-72-P2-WSOOB-CON-ACC-SW2,NRT72.2-1.02-01-004-101,34
NRT12-72-P2-ESOOB-CON-ACC-SW1,NRT72.2-1.02-01-004-101,32
NRT12-72-P2-WSOOB-CON-ACC-SW1-TOR1,NRT72.2-1.02-01-004-101,29
NRT12-72-P2-WSOOB-CON-ACC-SW2-TOR1,NRT72.2-1.02-01-004-101,28
NRT12-72-P2-ESOOB-CON-ACC-SW1-TOR1,NRT72.2-1.02-01-004-101,26
NRT12-72-P2-ESOOB-CON-ACC-SW2-TOR1,NRT72.2-1.02-01-004-101,25
NRT12-72-P2-ESOOB-CON-ACC-SW1-TOR2,NRT72.2-1.02-01-004-101,23
NRT12-72-P2-WSOOB-POD-AGG-R1,NRT72.2-1.02-01-004-101,17
NRT12-72-P2-ESOOB-POD-AGG-R1,NRT72.2-1.02-01-004-101,16
NRT12-72-CO-ACC-SW045,NRT72.2-1.02-01-004-101,0
NRT12-72-CO-ACC-SW046,NRT72.2-1.02-01-004-101,0
NRT12-72-P2-ESOOB-CON-ACC-SW2,NRT72.2-1.02-01-004-101,0
NRT12-72-P2-WSOOB-CON-ACC-SW1,NRT72.2-1.02-01-004-101,0
nrt12-72-p1-sw1-wsoob-con-r6,NRT72.2-1.02-01-004-11,48
nrt12-72-wdm-acc-sw-10-128-116-0,NRT72.2-1.02-01-004-11,47
NRT12-72-ES-E1-B4-T2-R1,NRT72.2-1.02-01-004-64,47
NRT12-72-ES-E1-B4-T2-R2,NRT72.2-1.02-01-004-64,46
NRT12-72-ES-E1-B4-T2-R3,NRT72.2-1.02-01-004-64,45
NRT12-72-ES-E1-B4-T2-R4,NRT72.2-1.02-01-004-64,44
NRT12-72-ES-E1-B4-T2-R5,NRT72.2-1.02-01-004-64,43
NRT12-72-ES-E1-B4-T2-R6,NRT72.2-1.02-01-004-64,42
NRT12-72-ES-E1-B4-T2-R7,NRT72.2-1.02-01-004-64,41
NRT12-72-ES-E1-B4-T2-R8,NRT72.2-1.02-01-004-64,40
NRT12-72-ES-OOB-CON-E1-B4,NRT72.2-1.02-01-004-64,34
NRT12-72-ES-E1-B4-T1-R1,NRT72.2-1.02-01-004-64,33
NRT12-72-ES-E1-B4-T1-R3,NRT72.2-1.02-01-004-64,32
NRT12-72-ES-E1-B4-T1-R5,NRT72.2-1.02-01-004-64,31
NRT12-72-ES-E1-B4-T1-R7,NRT72.2-1.02-01-004-64,30
NRT12-72-ES-E1-B4-T1-R9,NRT72.2-1.02-01-004-64,29
NRT12-72-ES-E1-B4-T1-R11,NRT72.2-1.02-01-004-64,28
NRT12-72-ES-E1-B4-T1-R13,NRT72.2-1.02-01-004-64,27
NRT12-72-ES-E1-B4-T1-R15,NRT72.2-1.02-01-004-64,26
NRT12-72-ES-E1-B4-T1-R2,NRT72.2-1.02-01-004-64,23
NRT12-72-ES-E1-B4-T1-R4,NRT72.2-1.02-01-004-64,22
NRT12-72-ES-E1-B4-T1-R6,NRT72.2-1.02-01-004-64,21
NRT12-72-ES-E1-B4-T1-R8,NRT72.2-1.02-01-004-64,20
NRT12-72-ES-E1-B4-T1-R10,NRT72.2-1.02-01-004-64,19
NRT12-72-ES-E1-B4-T1-R12,NRT72.2-1.02-01-004-64,18
NRT12-72-ES-E1-B4-T1-R14,NRT72.2-1.02-01-004-64,17
NRT12-72-ES-E1-B4-T1-R16,NRT72.2-1.02-01-004-64,16
nrt12-72-es-mgmt-sw-100-102-216-192,NRT72.2-1.02-01-004-64,15
NRT12-72-ES-E1-B4-T2-R9,NRT72.2-1.02-01-004-64,9
NRT12-72-ES-E1-B4-T2-R10,NRT72.2-1.02-01-004-64,8
NRT12-72-ES-E1-B4-T2-R11,NRT72.2-1.02-01-004-64,7
NRT12-72-ES-E1-B4-T2-R12,NRT72.2-1.02-01-004-64,6
NRT12-72-ES-E1-B4-T2-R13,NRT72.2-1.02-01-004-64,5
NRT12-72-ES-E1-B4-T2-R14,NRT72.2-1.02-01-004-64,4
NRT12-72-ES-E1-B4-T2-R15,NRT72.2-1.02-01-004-64,3
NRT12-72-ES-E1-B4-T2-R16,NRT72.2-1.02-01-004-64,2
NRT12-72-ES-E1-S4-R1,NRT72.2-1.02-01-005-11,47
NRT12-72-ES-E1-S4-R2,NRT72.2-1.02-01-005-11,45
NRT12-72-ES-E1-S4-R3,NRT72.2-1.02-01-005-11,43
NRT12-72-ES-E1-S4-R4,NRT72.2-1.02-01-005-11,41
NRT12-72-ES-E1-OOB-CON-S4,NRT72.2-1.02-01-005-11,33
NRT12-72-ES-E1-S4-R5,NRT72.2-1.02-01-005-11,31
NRT12-72-ES-E1-S4-R6,NRT72.2-1.02-01-005-11,29
NRT12-72-ES-E1-S4-R7,NRT72.2-1.02-01-005-11,27
NRT12-72-ES-E1-S4-R8,NRT72.2-1.02-01-005-11,25
NRT12-72-ES-E1-S4-R9,NRT72.2-1.02-01-005-11,22
NRT12-72-ES-E1-S4-R10,NRT72.2-1.02-01-005-11,20
NRT12-72-ES-E1-S4-R11,NRT72.2-1.02-01-005-11,18
NRT12-72-ES-E1-S4-R12,NRT72.2-1.02-01-005-11,16
NRT12-72-ES-MGMT-SW-100-102-212-192,NRT72.2-1.02-01-005-11,14
NRT12-72-ES-E1-S4-R13,NRT72.2-1.02-01-005-11,9
NRT12-72-ES-E1-S4-R14,NRT72.2-1.02-01-005-11,7
NRT12-72-ES-E1-S4-R15,NRT72.2-1.02-01-005-11,5
NRT12-72-ES-E1-S4-R16,NRT72.2-1.02-01-005-11,3
NRT12-72-ES-E1-S3-R1,NRT72.2-1.02-01-005-16,47
NRT12-72-ES-E1-S3-R2,NRT72.2-1.02-01-005-16,45
NRT12-72-ES-E1-S3-R3,NRT72.2-1.02-01-005-16,43
NRT12-72-ES-E1-S3-R4,NRT72.2-1.02-01-005-16,41
NRT12-72-ES-E1-OOB-CON-S3,NRT72.2-1.02-01-005-16,33
NRT12-72-ES-E1-S3-R5,NRT72.2-1.02-01-005-16,31
NRT12-72-ES-E1-S3-R6,NRT72.2-1.02-01-005-16,29
NRT12-72-ES-E1-S3-R7,NRT72.2-1.02-01-005-16,27
NRT12-72-ES-E1-S3-R8,NRT72.2-1.02-01-005-16,25
NRT12-72-ES-E1-S3-R9,NRT72.2-1.02-01-005-16,22
NRT12-72-ES-E1-S3-R10,NRT72.2-1.02-01-005-16,20
NRT12-72-ES-E1-S3-R11,NRT72.2-1.02-01-005-16,18
NRT12-72-ES-E1-S3-R12,NRT72.2-1.02-01-005-16,16
NRT12-72-ES-MGMT-SW-100-102-212-128,NRT72.2-1.02-01-005-16,14
NRT12-72-ES-E1-S3-R13,NRT72.2-1.02-01-005-16,9
NRT12-72-ES-E1-S3-R14,NRT72.2-1.02-01-005-16,7
NRT12-72-ES-E1-S3-R15,NRT72.2-1.02-01-005-16,5
NRT12-72-ES-E1-S3-R16,NRT72.2-1.02-01-005-16,3
NRT12-72-ES-E1-S2-R1,NRT72.2-1.02-01-005-21,47
NRT12-72-ES-E1-S2-R2,NRT72.2-1.02-01-005-21,45
NRT12-72-ES-E1-S2-R3,NRT72.2-1.02-01-005-21,43
NRT12-72-ES-E1-S2-R4,NRT72.2-1.02-01-005-21,41
NRT12-72-ES-E1-OOB-CON-S2,NRT72.2-1.02-01-005-21,33
NRT12-72-ES-E1-S2-R5,NRT72.2-1.02-01-005-21,31
NRT12-72-ES-E1-S2-R6,NRT72.2-1.02-01-005-21,29
NRT12-72-ES-E1-S2-R7,NRT72.2-1.02-01-005-21,27
NRT12-72-ES-E1-S2-R8,NRT72.2-1.02-01-005-21,25
NRT12-72-ES-E1-S2-R9,NRT72.2-1.02-01-005-21,22
NRT12-72-ES-E1-S2-R10,NRT72.2-1.02-01-005-21,20
NRT12-72-ES-E1-S2-R11,NRT72.2-1.02-01-005-21,18
NRT12-72-ES-E1-S2-R12,NRT72.2-1.02-01-005-21,16
NRT12-72-ES-MGMT-SW-100-102-212-64,NRT72.2-1.02-01-005-21,14
NRT12-72-ES-E1-S2-R13,NRT72.2-1.02-01-005-21,9
NRT12-72-ES-E1-S2-R14,NRT72.2-1.02-01-005-21,7
NRT12-72-ES-E1-S2-R15,NRT72.2-1.02-01-005-21,5
NRT12-72-ES-E1-S2-R16,NRT72.2-1.02-01-005-21,3
NRT12-72-ES-E1-S1-R1,NRT72.2-1.02-01-005-26,47
NRT12-72-ES-E1-S1-R2,NRT72.2-1.02-01-005-26,45
NRT12-72-ES-E1-S1-R3,NRT72.2-1.02-01-005-26,43
NRT12-72-ES-E1-S1-R4,NRT72.2-1.02-01-005-26,41
NRT12-72-ES-E1-OOB-CON-S1,NRT72.2-1.02-01-005-26,33
NRT12-72-ES-E1-S1-R5,NRT72.2-1.02-01-005-26,31
NRT12-72-ES-E1-S1-R6,NRT72.2-1.02-01-005-26,29
NRT12-72-ES-E1-S1-R7,NRT72.2-1.02-01-005-26,27
NRT12-72-ES-E1-S1-R8,NRT72.2-1.02-01-005-26,25
NRT12-72-ES-E1-S1-R9,NRT72.2-1.02-01-005-26,22
NRT12-72-ES-E1-S1-R10,NRT72.2-1.02-01-005-26,20
NRT12-72-ES-E1-S1-R11,NRT72.2-1.02-01-005-26,18
NRT12-72-ES-E1-S1-R12,NRT72.2-1.02-01-005-26,16
NRT12-72-ES-MGMT-SW-100-102-212-0,NRT72.2-1.02-01-005-26,14
NRT12-72-ES-E1-S1-R13,NRT72.2-1.02-01-005-26,9
NRT12-72-ES-E1-S1-R14,NRT72.2-1.02-01-005-26,7
NRT12-72-ES-E1-S1-R15,NRT72.2-1.02-01-005-26,5
NRT12-72-ES-E1-S1-R16,NRT72.2-1.02-01-005-26,3
NRT12-72-WS-E1-S1-R1,NRT72.2-1.02-01-005-31,42
NRT12-72-WS-E1-S1-R2,NRT72.2-1.02-01-005-31,40
NRT12-72-WS-E1-S1-R3,NRT72.2-1.02-01-005-31,38
NRT12-72-WS-E1-S1-R4,NRT72.2-1.02-01-005-31,36
NRT12-72-WS-E1-OOB-CON-S1-2,NRT72.2-1.02-01-005-31,29
NRT12-72-WS-E1-S1-R5,NRT72.2-1.02-01-005-31,28
NRT12-72-WS-E1-S1-R6,NRT72.2-1.02-01-005-31,26
NRT12-72-WS-E1-S1-R7,NRT72.2-1.02-01-005-31,24
NRT12-72-WS-E1-S1-R8,NRT72.2-1.02-01-005-31,22
NRT12-72-WS-E1-S2-R1,NRT72.2-1.02-01-005-31,19
NRT12-72-WS-E1-S2-R2,NRT72.2-1.02-01-005-31,17
NRT12-72-WS-E1-S2-R3,NRT72.2-1.02-01-005-31,15
NRT12-72-WS-E1-S2-R4,NRT72.2-1.02-01-005-31,13
NRT12-72-WS-MGMT-SW-100-65-148-0,NRT72.2-1.02-01-005-31,11
NRT12-72-WS-E1-S2-R5,NRT72.2-1.02-01-005-31,5
NRT12-72-WS-E1-S2-R6,NRT72.2-1.02-01-005-31,4
NRT12-72-WS-E1-S2-R7,NRT72.2-1.02-01-005-31,3
NRT12-72-WS-E1-S2-R8,NRT72.2-1.02-01-005-31,2
nrt12-72-p1-sw2-wsoob-con-r1,NRT72.2-1.02-01-005-50,48
nrt12-72-wdm-acc-sw-10-128-117-96,NRT72.2-1.02-01-005-50,47
NRT12-72-ES-E1-S5-R1,NRT72.2-1.02-01-006-14,47
NRT12-72-ES-E1-S5-R2,NRT72.2-1.02-01-006-14,45
NRT12-72-ES-E1-S5-R3,NRT72.2-1.02-01-006-14,43
NRT12-72-ES-E1-S5-R4,NRT72.2-1.02-01-006-14,41
NRT12-72-ES-E1-OOB-CON-S5,NRT72.2-1.02-01-006-14,33
NRT12-72-ES-E1-S5-R5,NRT72.2-1.02-01-006-14,31
NRT12-72-ES-E1-S5-R6,NRT72.2-1.02-01-006-14,29
NRT12-72-ES-E1-S5-R7,NRT72.2-1.02-01-006-14,27
NRT12-72-ES-E1-S5-R8,NRT72.2-1.02-01-006-14,25
NRT12-72-ES-E1-S5-R9,NRT72.2-1.02-01-006-14,22
NRT12-72-ES-E1-S5-R11,NRT72.2-1.02-01-006-14,18
NRT12-72-ES-E1-S5-R12,NRT72.2-1.02-01-006-14,16
NRT12-72-ES-MGMT-SW-100-102-213-0,NRT72.2-1.02-01-006-14,14
NRT12-72-ES-E1-S5-R10,NRT72.2-1.02-01-006-14,12
NRT12-72-ES-E1-S5-R13,NRT72.2-1.02-01-006-14,9
NRT12-72-ES-E1-S5-R14,NRT72.2-1.02-01-006-14,7
NRT12-72-ES-E1-S5-R15,NRT72.2-1.02-01-006-14,5
NRT12-72-ES-E1-S5-R16,NRT72.2-1.02-01-006-14,3
NRT12-72-ES-E1-S6-R1,NRT72.2-1.02-01-006-19,47
NRT12-72-ES-E1-S6-R2,NRT72.2-1.02-01-006-19,45
NRT12-72-ES-E1-S6-R3,NRT72.2-1.02-01-006-19,43
NRT12-72-ES-E1-S6-R4,NRT72.2-1.02-01-006-19,41
NRT12-72-ES-E1-OOB-CON-S6,NRT72.2-1.02-01-006-19,33
NRT12-72-ES-E1-S6-R5,NRT72.2-1.02-01-006-19,31
NRT12-72-ES-E1-S6-R6,NRT72.2-1.02-01-006-19,29
NRT12-72-ES-E1-S6-R7,NRT72.2-1.02-01-006-19,27
NRT12-72-ES-E1-S6-R8,NRT72.2-1.02-01-006-19,25
NRT12-72-ES-E1-S6-R9,NRT72.2-1.02-01-006-19,22
NRT12-72-ES-E1-S6-R10,NRT72.2-1.02-01-006-19,20
NRT12-72-ES-E1-S6-R11,NRT72.2-1.02-01-006-19,18
NRT12-72-ES-E1-S6-R12,NRT72.2-1.02-01-006-19,16
NRT12-72-ES-MGMT-SW-100-102-213-64,NRT72.2-1.02-01-006-19,14
NRT12-72-ES-E1-S6-R13,NRT72.2-1.02-01-006-19,9
NRT12-72-ES-E1-S6-R14,NRT72.2-1.02-01-006-19,7
NRT12-72-ES-E1-S6-R15,NRT72.2-1.02-01-006-19,5
NRT12-72-ES-E1-S6-R16,NRT72.2-1.02-01-006-19,3
NRT12-72-ES-E1-S7-R1,NRT72.2-1.02-01-006-24,47
NRT12-72-ES-E1-S7-R2,NRT72.2-1.02-01-006-24,45
NRT12-72-ES-E1-S7-R3,NRT72.2-1.02-01-006-24,43
NRT12-72-ES-E1-S7-R4,NRT72.2-1.02-01-006-24,41
NRT12-72-ES-E1-OOB-CON-S7,NRT72.2-1.02-01-006-24,33
NRT12-72-ES-E1-S7-R5,NRT72.2-1.02-01-006-24,31
NRT12-72-ES-E1-S7-R6,NRT72.2-1.02-01-006-24,29
NRT12-72-ES-E1-S7-R7,NRT72.2-1.02-01-006-24,27
NRT12-72-ES-E1-S7-R8,NRT72.2-1.02-01-006-24,25
NRT12-72-ES-E1-S7-R9,NRT72.2-1.02-01-006-24,22
NRT12-72-ES-E1-S7-R10,NRT72.2-1.02-01-006-24,20
NRT12-72-ES-E1-S7-R11,NRT72.2-1.02-01-006-24,18
NRT12-72-ES-E1-S7-R12,NRT72.2-1.02-01-006-24,16
NRT12-72-ES-MGMT-SW-100-102-213-128,NRT72.2-1.02-01-006-24,14
NRT12-72-ES-E1-S7-R13,NRT72.2-1.02-01-006-24,9
NRT12-72-ES-E1-S7-R14,NRT72.2-1.02-01-006-24,7
NRT12-72-ES-E1-S7-R15,NRT72.2-1.02-01-006-24,5
NRT12-72-ES-E1-S7-R16,NRT72.2-1.02-01-006-24,3
NRT12-72-ES-E1-S8-R1,NRT72.2-1.02-01-006-29,47
NRT12-72-ES-E1-S8-R2,NRT72.2-1.02-01-006-29,45
NRT12-72-ES-E1-S8-R3,NRT72.2-1.02-01-006-29,43
NRT12-72-ES-E1-S8-R4,NRT72.2-1.02-01-006-29,41
NRT12-72-ES-E1-OOB-CON-S8,NRT72.2-1.02-01-006-29,33
NRT12-72-ES-E1-S8-R5,NRT72.2-1.02-01-006-29,31
NRT12-72-ES-E1-S8-R6,NRT72.2-1.02-01-006-29,29
NRT12-72-ES-E1-S8-R7,NRT72.2-1.02-01-006-29,27
NRT12-72-ES-E1-S8-R8,NRT72.2-1.02-01-006-29,25
NRT12-72-ES-E1-S8-R9,NRT72.2-1.02-01-006-29,22
NRT12-72-ES-E1-S8-R10,NRT72.2-1.02-01-006-29,20
NRT12-72-ES-E1-S8-R11,NRT72.2-1.02-01-006-29,18
NRT12-72-ES-E1-S8-R12,NRT72.2-1.02-01-006-29,16
NRT12-72-ES-MGMT-SW-100-102-213-192,NRT72.2-1.02-01-006-29,14
NRT12-72-ES-E1-S8-R13,NRT72.2-1.02-01-006-29,9
NRT12-72-ES-E1-S8-R14,NRT72.2-1.02-01-006-29,7
NRT12-72-ES-E1-S8-R15,NRT72.2-1.02-01-006-29,5
NRT12-72-ES-E1-S8-R16,NRT72.2-1.02-01-006-29,3
NRT12-72-WS-E1-S3-R1,NRT72.2-1.02-01-006-31,42
NRT12-72-WS-E1-S3-R2,NRT72.2-1.02-01-006-31,40
NRT12-72-WS-E1-S3-R3,NRT72.2-1.02-01-006-31,38
NRT12-72-WS-E1-S3-R4,NRT72.2-1.02-01-006-31,36
NRT12-72-WS-E1-OOB-CON-S3-4,NRT72.2-1.02-01-006-31,29
NRT12-72-WS-E1-S3-R5,NRT72.2-1.02-01-006-31,28
NRT12-72-WS-E1-S3-R6,NRT72.2-1.02-01-006-31,26
NRT12-72-WS-E1-S3-R7,NRT72.2-1.02-01-006-31,24
NRT12-72-WS-E1-S3-R8,NRT72.2-1.02-01-006-31,22
NRT12-72-WS-E1-S4-R1,NRT72.2-1.02-01-006-31,19
NRT12-72-WS-E1-S4-R2,NRT72.2-1.02-01-006-31,17
NRT12-72-WS-E1-S4-R3,NRT72.2-1.02-01-006-31,15
NRT12-72-WS-E1-S4-R4,NRT72.2-1.02-01-006-31,13
NRT12-72-WS-MGMT-SW-100-65-148-64,NRT72.2-1.02-01-006-31,11
NRT12-72-WS-E1-S4-R5,NRT72.2-1.02-01-006-31,5
NRT12-72-WS-E1-S4-R6,NRT72.2-1.02-01-006-31,4
NRT12-72-WS-E1-S4-R7,NRT72.2-1.02-01-006-31,3
NRT12-72-WS-E1-S4-R8,NRT72.2-1.02-01-006-31,2
NRT12-72-ES-E1-B1-T2-R1,NRT72.2-1.02-01-006-50,42
NRT12-72-ES-E1-B1-T2-R2,NRT72.2-1.02-01-006-50,41
NRT12-72-ES-E1-B1-T2-R3,NRT72.2-1.02-01-006-50,40
NRT12-72-ES-E1-B1-T2-R4,NRT72.2-1.02-01-006-50,39
NRT12-72-ES-E1-B1-T2-R5,NRT72.2-1.02-01-006-50,38
NRT12-72-ES-E1-B1-T2-R6,NRT72.2-1.02-01-006-50,37
NRT12-72-ES-E1-B1-T2-R7,NRT72.2-1.02-01-006-50,36
NRT12-72-ES-E1-B1-T2-R8,NRT72.2-1.02-01-006-50,35
NRT12-72-ES-OOB-CON-E1-B1,NRT72.2-1.02-01-006-50,34
NRT12-72-ES-E1-B1-T1-R1,NRT72.2-1.02-01-006-50,29
NRT12-72-ES-E1-B1-T1-R3,NRT72.2-1.02-01-006-50,28
NRT12-72-ES-E1-B1-T1-R5,NRT72.2-1.02-01-006-50,27
NRT12-72-ES-E1-B1-T1-R7,NRT72.2-1.02-01-006-50,26
NRT12-72-ES-E1-B1-T1-R9,NRT72.2-1.02-01-006-50,25
NRT12-72-ES-E1-B1-T1-R11,NRT72.2-1.02-01-006-50,24
NRT12-72-ES-E1-B1-T1-R13,NRT72.2-1.02-01-006-50,23
NRT12-72-ES-E1-B1-T1-R15,NRT72.2-1.02-01-006-50,22
NRT12-72-ES-E1-B1-T1-R2,NRT72.2-1.02-01-006-50,20
NRT12-72-ES-E1-B1-T1-R4,NRT72.2-1.02-01-006-50,19
NRT12-72-ES-E1-B1-T1-R6,NRT72.2-1.02-01-006-50,18
NRT12-72-ES-E1-B1-T1-R8,NRT72.2-1.02-01-006-50,17
NRT12-72-ES-E1-B1-T1-R10,NRT72.2-1.02-01-006-50,16
NRT12-72-ES-E1-B1-T1-R12,NRT72.2-1.02-01-006-50,15
NRT12-72-ES-E1-B1-T1-R14,NRT72.2-1.02-01-006-50,14
NRT12-72-ES-E1-B1-T1-R16,NRT72.2-1.02-01-006-50,13
NRT12-72-ES-MGMT-SW-100-102-216-0,NRT72.2-1.02-01-006-50,12
NRT12-72-ES-E1-B1-T2-R9,NRT72.2-1.02-01-006-50,11
NRT12-72-ES-E1-B1-T2-R10,NRT72.2-1.02-01-006-50,10
NRT12-72-ES-E1-B1-T2-R11,NRT72.2-1.02-01-006-50,6
NRT12-72-ES-E1-B1-T2-R12,NRT72.2-1.02-01-006-50,5
NRT12-72-ES-E1-B1-T2-R13,NRT72.2-1.02-01-006-50,4
NRT12-72-ES-E1-B1-T2-R14,NRT72.2-1.02-01-006-50,3
NRT12-72-ES-E1-B1-T2-R15,NRT72.2-1.02-01-006-50,2
NRT12-72-ES-E1-B1-T2-R16,NRT72.2-1.02-01-006-50,1
NRT12-72-P1-SW2-WSOOB-CON-R2,NRT72.2-1.02-01-007-11,40
NRT12-72-P1-SW2-WSOOB-CON-R3,NRT72.2-1.02-01-007-11,39
NRT12-72-P1-SW4-WSOOB-CON-R1,NRT72.2-1.02-01-007-11,37
NRT12-72-P1-SW4-WSOOB-CON-R2,NRT72.2-1.02-01-007-11,36
NRT12-72-P1-WSOOB-CON-ACC-SW2,NRT72.2-1.02-01-007-11,34
NRT12-72-P1-WSOOB-CON-ACC-SW4,NRT72.2-1.02-01-007-11,33
NRT12-72-P1-ESOOB-CON-ACC-SW2,NRT72.2-1.02-01-007-11,31
NRT12-72-P1-ESOOB-CON-ACC-SW4,NRT72.2-1.02-01-007-11,30
NRT12-72-P1-WSOOB-CON-ACC-SW2-TOR1,NRT72.2-1.02-01-007-11,28
NRT12-72-P1-WSOOB-CON-ACC-SW4-TOR1,NRT72.2-1.02-01-007-11,27
NRT12-72-P1-ESOOB-CON-ACC-SW2-TOR1,NRT72.2-1.02-01-007-11,25
NRT12-72-P1-ESOOB-CON-ACC-SW4-TOR1,NRT72.2-1.02-01-007-11,24
NRT12-72-P1-ESOOB-CON-ACC-SW2-TOR2,NRT72.2-1.02-01-007-11,22
NRT12-72-P1-WSOOB-POD-AGG-R2,NRT72.2-1.02-01-007-11,17
NRT12-72-P1-ESOOB-POD-AGG-R2,NRT72.2-1.02-01-007-11,16
NRT12-72-CO-ACC-SW004,NRT72.2-1.02-01-007-11,13
NRT12-72-CO-ACC-SW006,NRT72.2-1.02-01-007-11,12
NRT12-72-CO-ACC-SW047,NRT72.2-1.02-01-007-61,0
NRT12-72-CO-ACC-SW048,NRT72.2-1.02-01-007-61,0
NRT12-72-P2-ESOOB-CON-ACC-SW3,NRT72.2-1.02-01-007-61,0
NRT12-72-P2-ESOOB-CON-ACC-SW4,NRT72.2-1.02-01-007-61,0
NRT12-72-P2-WSOOB-CON-ACC-SW3,NRT72.2-1.02-01-007-61,0
NRT12-72-P2-WSOOB-CON-ACC-SW4,NRT72.2-1.02-01-007-61,0
NRT12-72-WS-E1-B1-T2-R1,NRT72.2-1.02-01-008-50,42
NRT12-72-WS-E1-B1-T2-R2,NRT72.2-1.02-01-008-50,40
NRT12-72-WS-E1-B1-T2-R3,NRT72.2-1.02-01-008-50,38
NRT12-72-WS-E1-B1-T2-R4,NRT72.2-1.02-01-008-50,36
NRT12-72-WS-OOB-CON-E1-B1,NRT72.2-1.02-01-008-50,29
NRT12-72-WS-E1-B1-T1-R1,NRT72.2-1.02-01-008-50,28
NRT12-72-WS-E1-B1-T1-R3,NRT72.2-1.02-01-008-50,26
NRT12-72-WS-E1-B1-T1-R5,NRT72.2-1.02-01-008-50,24
NRT12-72-WS-E1-B1-T1-R7,NRT72.2-1.02-01-008-50,22
NRT12-72-WS-E1-B1-T1-R2,NRT72.2-1.02-01-008-50,19
NRT12-72-WS-E1-B1-T1-R4,NRT72.2-1.02-01-008-50,17
NRT12-72-WS-E1-B1-T1-R6,NRT72.2-1.02-01-008-50,15
NRT12-72-WS-E1-B1-T1-R8,NRT72.2-1.02-01-008-50,13
NRT12-72-WS-MGMT-SW-100-65-150-128,NRT72.2-1.02-01-008-50,11
NRT12-72-WS-E1-B1-T2-R5,NRT72.2-1.02-01-008-50,5
NRT12-72-WS-E1-B1-T2-R6,NRT72.2-1.02-01-008-50,4
NRT12-72-WS-E1-B1-T2-R7,NRT72.2-1.02-01-008-50,3
NRT12-72-WS-E1-B1-T2-R8,NRT72.2-1.02-01-008-50,2
NRT12-72-ES-OOB-CON-E1-B3,NRT72.2-1.02-01-008-64,34
nrt12-72-es-mgmt-sw-100-102-216-128,NRT72.2-1.02-01-008-64,15
NRT12-72-WS-E1-B2-T2-R1,NRT72.2-1.02-01-010-64,42
NRT12-72-WS-E1-B2-T2-R2,NRT72.2-1.02-01-010-64,40
NRT12-72-WS-E1-B2-T2-R3,NRT72.2-1.02-01-010-64,38
NRT12-72-WS-E1-B2-T2-R4,NRT72.2-1.02-01-010-64,36
NRT12-72-WS-OOB-CON-E1-B2,NRT72.2-1.02-01-010-64,30
NRT12-72-WS-E1-B2-T1-R1,NRT72.2-1.02-01-010-64,29
NRT12-72-WS-E1-B2-T1-R3,NRT72.2-1.02-01-010-64,27
NRT12-72-WS-E1-B2-T1-R5,NRT72.2-1.02-01-010-64,25
NRT12-72-WS-E1-B2-T1-R7,NRT72.2-1.02-01-010-64,23
NRT12-72-WS-E1-B2-T1-R2,NRT72.2-1.02-01-010-64,21
NRT12-72-WS-E1-B2-T1-R4,NRT72.2-1.02-01-010-64,19
NRT12-72-WS-E1-B2-T1-R6,NRT72.2-1.02-01-010-64,17
NRT12-72-WS-E1-B2-T1-R8,NRT72.2-1.02-01-010-64,15
nrt12-72-ws-mgmt-sw-100-65-150-192,NRT72.2-1.02-01-010-64,13
NRT12-72-WS-E1-B2-T2-R5,NRT72.2-1.02-01-010-64,5
NRT12-72-WS-E1-B2-T2-R6,NRT72.2-1.02-01-010-64,4
NRT12-72-WS-E1-B2-T2-R7,NRT72.2-1.02-01-010-64,3
NRT12-72-WS-E1-B2-T2-R8,NRT72.2-1.02-01-010-64,2
NRT12-72-P2-ESOOB-CON-ACC-SW5-TOR1,NRT72.2-1.02-01-011-101,0
NRT12-72-P2-ESOOB-CON-ACC-SW5-TOR2,NRT72.2-1.02-01-011-101,0
NRT12-72-P2-ESOOB-CON-ACC-SW6-TOR1,NRT72.2-1.02-01-011-101,0
NRT12-72-P2-WSOOB-CON-ACC-SW5-TOR1,NRT72.2-1.02-01-011-101,0
NRT12-72-P2-WSOOB-CON-ACC-SW6-TOR1,NRT72.2-1.02-01-011-101,0
NRT12-72-P1-SW5-WSOOB-CON-R1,NRT72.2-1.02-01-011-50,40
NRT12-72-P1-SW5-WSOOB-CON-R2,NRT72.2-1.02-01-011-50,39
NRT12-72-P1-SW6-WSOOB-CON-R1,NRT72.2-1.02-01-011-50,37
NRT12-72-P1-SW6-WSOOB-CON-R2,NRT72.2-1.02-01-011-50,36
NRT12-72-P1-WSOOB-CON-ACC-SW5,NRT72.2-1.02-01-011-50,34
NRT12-72-P1-WSOOB-CON-ACC-SW6,NRT72.2-1.02-01-011-50,33
NRT12-72-P1-ESOOB-CON-ACC-SW5,NRT72.2-1.02-01-011-50,31
NRT12-72-P1-ESOOB-CON-ACC-SW6,NRT72.2-1.02-01-011-50,30
NRT12-72-P1-WSOOB-CON-ACC-SW5-TOR1,NRT72.2-1.02-01-011-50,28
NRT12-72-P1-WSOOB-CON-ACC-SW6-TOR1,NRT72.2-1.02-01-011-50,27
NRT12-72-P1-ESOOB-CON-ACC-SW5-TOR1,NRT72.2-1.02-01-011-50,25
NRT12-72-P1-ESOOB-CON-ACC-SW6-TOR1,NRT72.2-1.02-01-011-50,24
NRT12-72-P1-ESOOB-CON-ACC-SW5-TOR2,NRT72.2-1.02-01-011-50,22
NRT12-72-ES-E1-B2-T2-R1,NRT72.2-1.02-01-012-50,47
NRT12-72-ES-E1-B2-T2-R2,NRT72.2-1.02-01-012-50,46
NRT12-72-ES-E1-B2-T2-R3,NRT72.2-1.02-01-012-50,45
NRT12-72-ES-E1-B2-T2-R4,NRT72.2-1.02-01-012-50,44
NRT12-72-ES-E1-B2-T2-R5,NRT72.2-1.02-01-012-50,43
NRT12-72-ES-E1-B2-T2-R6,NRT72.2-1.02-01-012-50,42
NRT12-72-ES-E1-B2-T2-R7,NRT72.2-1.02-01-012-50,41
NRT12-72-ES-E1-B2-T2-R8,NRT72.2-1.02-01-012-50,40
NRT12-72-ES-OOB-CON-E1-B2,NRT72.2-1.02-01-012-50,33
NRT12-72-ES-E1-B2-T1-R1,NRT72.2-1.02-01-012-50,32
NRT12-72-ES-E1-B2-T1-R3,NRT72.2-1.02-01-012-50,31
NRT12-72-ES-E1-B2-T1-R5,NRT72.2-1.02-01-012-50,30
NRT12-72-ES-E1-B2-T1-R7,NRT72.2-1.02-01-012-50,29
NRT12-72-ES-E1-B2-T1-R9,NRT72.2-1.02-01-012-50,28
NRT12-72-ES-E1-B2-T1-R11,NRT72.2-1.02-01-012-50,27
NRT12-72-ES-E1-B2-T1-R13,NRT72.2-1.02-01-012-50,26
NRT12-72-ES-E1-B2-T1-R15,NRT72.2-1.02-01-012-50,25
NRT12-72-ES-E1-B2-T1-R2,NRT72.2-1.02-01-012-50,22
NRT12-72-ES-E1-B2-T1-R4,NRT72.2-1.02-01-012-50,21
NRT12-72-ES-E1-B2-T1-R6,NRT72.2-1.02-01-012-50,20
NRT12-72-ES-E1-B2-T1-R8,NRT72.2-1.02-01-012-50,19
NRT12-72-ES-E1-B2-T1-R10,NRT72.2-1.02-01-012-50,18
NRT12-72-ES-E1-B2-T1-R12,NRT72.2-1.02-01-012-50,17
NRT12-72-ES-E1-B2-T1-R14,NRT72.2-1.02-01-012-50,16
NRT12-72-ES-E1-B2-T1-R16,NRT72.2-1.02-01-012-50,15
NRT12-72-ES-MGMT-SW-100-102-216-64,NRT72.2-1.02-01-012-50,14
NRT12-72-ES-E1-B2-T2-R9,NRT72.2-1.02-01-012-50,9
NRT12-72-ES-E1-B2-T2-R10,NRT72.2-1.02-01-012-50,8
NRT12-72-ES-E1-B2-T2-R11,NRT72.2-1.02-01-012-50,7
NRT12-72-ES-E1-B2-T2-R12,NRT72.2-1.02-01-012-50,6
NRT12-72-ES-E1-B2-T2-R13,NRT72.2-1.02-01-012-50,5
NRT12-72-ES-E1-B2-T2-R14,NRT72.2-1.02-01-012-50,4
NRT12-72-ES-E1-B2-T2-R15,NRT72.2-1.02-01-012-50,3
NRT12-72-ES-E1-B2-T2-R16,NRT72.2-1.02-01-012-50,2
NRT12-72-ES-E1-B5-T2-R1,NRT72.2-1.02-01-012-64,47
NRT12-72-ES-E1-B5-T2-R2,NRT72.2-1.02-01-012-64,46
NRT12-72-ES-E1-B5-T2-R3,NRT72.2-1.02-01-012-64,45
NRT12-72-ES-E1-B5-T2-R4,NRT72.2-1.02-01-012-64,44
NRT12-72-ES-E1-B5-T2-R5,NRT72.2-1.02-01-012-64,43
NRT12-72-ES-E1-B5-T2-R6,NRT72.2-1.02-01-012-64,42
NRT12-72-ES-E1-B5-T2-R7,NRT72.2-1.02-01-012-64,41
NRT12-72-ES-E1-B5-T2-R8,NRT72.2-1.02-01-012-64,40
NRT12-72-ES-OOB-CON-E1-B5,NRT72.2-1.02-01-012-64,34
NRT12-72-ES-E1-B5-T1-R1,NRT72.2-1.02-01-012-64,33
NRT12-72-ES-E1-B5-T1-R3,NRT72.2-1.02-01-012-64,32
NRT12-72-ES-E1-B5-T1-R5,NRT72.2-1.02-01-012-64,31
NRT12-72-ES-E1-B5-T1-R7,NRT72.2-1.02-01-012-64,30
NRT12-72-ES-E1-B5-T1-R9,NRT72.2-1.02-01-012-64,29
NRT12-72-ES-E1-B5-T1-R11,NRT72.2-1.02-01-012-64,28
NRT12-72-ES-E1-B5-T1-R13,NRT72.2-1.02-01-012-64,27
NRT12-72-ES-E1-B5-T1-R15,NRT72.2-1.02-01-012-64,26
NRT12-72-ES-E1-B5-T1-R2,NRT72.2-1.02-01-012-64,23
NRT12-72-ES-E1-B5-T1-R4,NRT72.2-1.02-01-012-64,22
NRT12-72-ES-E1-B5-T1-R6,NRT72.2-1.02-01-012-64,21
NRT12-72-ES-E1-B5-T1-R8,NRT72.2-1.02-01-012-64,20
NRT12-72-ES-E1-B5-T1-R10,NRT72.2-1.02-01-012-64,19
NRT12-72-ES-E1-B5-T1-R12,NRT72.2-1.02-01-012-64,18
NRT12-72-ES-E1-B5-T1-R14,NRT72.2-1.02-01-012-64,17
NRT12-72-ES-E1-B5-T1-R16,NRT72.2-1.02-01-012-64,16
NRT12-72-ES-MGMT-SW-100-102-217-0,NRT72.2-1.02-01-012-64,15
NRT12-72-ES-E1-B5-T2-R9,NRT72.2-1.02-01-012-64,9
NRT12-72-ES-E1-B5-T2-R10,NRT72.2-1.02-01-012-64,8
NRT12-72-ES-E1-B5-T2-R11,NRT72.2-1.02-01-012-64,7
NRT12-72-ES-E1-B5-T2-R12,NRT72.2-1.02-01-012-64,6
NRT12-72-ES-E1-B5-T2-R13,NRT72.2-1.02-01-012-64,5
NRT12-72-ES-E1-B5-T2-R14,NRT72.2-1.02-01-012-64,4
NRT12-72-ES-E1-B5-T2-R15,NRT72.2-1.02-01-012-64,3
NRT12-72-ES-E1-B5-T2-R16,NRT72.2-1.02-01-012-64,2
NRT12-72-CO-ACC-SW007,NRT72.2-1.02-01-013-47,38
NRT12-72-CO-ACC-SW008,NRT72.2-1.02-01-013-47,33
NRT12-72-CO-DSN-DCSS-SW001,NRT72.2-1.02-01-013-47,31
NRT12-72-CO-DSN-DCSS-SW002,NRT72.2-1.02-01-013-47,29
NRT12-72-CO-ACC-SW009,NRT72.2-1.02-01-013-50,38
NRT12-72-CO-ACC-SW010,NRT72.2-1.02-01-013-50,33
NRT12-72-CO-DSN-DCSS-SW003,NRT72.2-1.02-01-013-50,31
NRT12-72-CO-DSN-DCSS-SW004,NRT72.2-1.02-01-013-50,29
NRT12-72-CO-ACC-SW011,NRT72.2-1.02-01-014-47,34
NRT12-72-CO-ACC-SW012,NRT72.2-1.02-01-014-47,34
NRT12-72-CO-DSN-DCSS-SW005,NRT72.2-1.02-01-014-47,32
NRT12-72-CO-DSN-DCSS-SW006,NRT72.2-1.02-01-014-47,31
NRT12-72-CO-ACC-SW013,NRT72.2-1.02-01-014-50,34
NRT12-72-CO-DSN-DCSS-SW007,NRT72.2-1.02-01-014-50,32
NRT12-72-CO-DSN-DCSS-SW008,NRT72.2-1.02-01-014-50,31
NRT12-72-CO-ACC-SW014,NRT72.2-1.02-01-014-50,29
NRT12-72-P1-SW7-WSOOB-CON-R1,NRT72.2-1.02-01-015-11,40
NRT12-72-P1-SW7-WSOOB-CON-R2,NRT72.2-1.02-01-015-11,39
NRT12-72-P1-SW8-WSOOB-CON-R1,NRT72.2-1.02-01-015-11,37
NRT12-72-P1-SW8-WSOOB-CON-R2,NRT72.2-1.02-01-015-11,36
NRT12-72-P1-WSOOB-CON-ACC-SW7,NRT72.2-1.02-01-015-11,34
NRT12-72-P1-WSOOB-CON-ACC-SW8,NRT72.2-1.02-01-015-11,33
NRT12-72-P1-ESOOB-CON-ACC-SW7,NRT72.2-1.02-01-015-11,31
NRT12-72-P1-ESOOB-CON-ACC-SW8,NRT72.2-1.02-01-015-11,30
NRT12-72-P1-WSOOB-CON-ACC-SW7-TOR1,NRT72.2-1.02-01-015-11,28
NRT12-72-P1-WSOOB-CON-ACC-SW8-TOR1,NRT72.2-1.02-01-015-11,27
NRT12-72-P1-ESOOB-CON-ACC-SW7-TOR1,NRT72.2-1.02-01-015-11,25
NRT12-72-P1-ESOOB-CON-ACC-SW8-TOR1,NRT72.2-1.02-01-015-11,24
NRT12-72-P1-ESOOB-CON-ACC-SW7-TOR2,NRT72.2-1.02-01-015-11,22
NRT12-72-P2-SW7-WSOOB-CON-R1,NRT72.2-1.02-01-015-61,41
NRT12-72-P2-SW7-WSOOB-CON-R2,NRT72.2-1.02-01-015-61,40
NRT12-72-P2-SW8-WSOOB-CON-R1,NRT72.2-1.02-01-015-61,38
NRT12-72-P2-SW8-WSOOB-CON-R2,NRT72.2-1.02-01-015-61,37
NRT12-72-P2-WSOOB-CON-ACC-SW7,NRT72.2-1.02-01-015-61,35
NRT12-72-P2-WSOOB-CON-ACC-SW8,NRT72.2-1.02-01-015-61,34
NRT12-72-P2-ESOOB-CON-ACC-SW7,NRT72.2-1.02-01-015-61,32
NRT12-72-P2-ESOOB-CON-ACC-SW8,NRT72.2-1.02-01-015-61,31
NRT12-72-WSOOB-CON-ACC-SW7-TOR1,NRT72.2-1.02-01-015-61,29
NRT12-72-WSOOB-CON-ACC-SW8-TOR1,NRT72.2-1.02-01-015-61,28
NRT12-72-ESOOB-CON-ACC-SW7-TOR1,NRT72.2-1.02-01-015-61,26
NRT12-72-ESOOB-CON-ACC-SW8-TOR1,NRT72.2-1.02-01-015-61,25
NRT12-72-ESOOB-CON-ACC-SW7-TOR2,NRT72.2-1.02-01-015-61,23
NRT12-72-P2-ESOOB-CON-ACC-SW7-TOR1,NRT72.2-1.02-01-015-61,0
NRT12-72-P2-ESOOB-CON-ACC-SW7-TOR2,NRT72.2-1.02-01-015-61,0
NRT12-72-P2-ESOOB-CON-ACC-SW8-TOR1,NRT72.2-1.02-01-015-61,0
NRT12-72-P2-WSOOB-CON-ACC-SW7-TOR1,NRT72.2-1.02-01-015-61,0
NRT12-72-P2-WSOOB-CON-ACC-SW8-TOR1,NRT72.2-1.02-01-015-61,0
nrt12-72-p4-sw1-wsoob-con-r1,NRT72.2-1.02-01-020-101,40
nrt12-72-p4-sw1-wsoob-con-r2,NRT72.2-1.02-01-020-101,39
nrt12-72-p4-sw2-wsoob-con-r1,NRT72.2-1.02-01-020-101,37
nrt12-72-p4-sw2-wsoob-con-r2,NRT72.2-1.02-01-020-101,36
nrt12-72-p4-wsoob-con-acc-sw1,NRT72.2-1.02-01-020-101,34
nrt12-72-p4-wsoob-con-acc-sw2,NRT72.2-1.02-01-020-101,33
nrt12-72-p4-esoob-con-acc-sw1,NRT72.2-1.02-01-020-101,31
nrt12-72-p4-esoob-con-acc-sw2,NRT72.2-1.02-01-020-101,30
nrt12-72-p4-wsoob-con-acc-sw1-tor1,NRT72.2-1.02-01-020-101,28
nrt12-72-p4-wsoob-con-acc-sw2-tor1,NRT72.2-1.02-01-020-101,27
nrt12-72-p4-esoob-con-acc-sw1-tor1,NRT72.2-1.02-01-020-101,25
nrt12-72-p4-esoob-con-acc-sw2-tor1,NRT72.2-1.02-01-020-101,24
nrt12-72-p4-esoob-con-acc-sw1-tor2,NRT72.2-1.02-01-020-101,22
nrt12-72-p4-wsoob-pod-agg-r1,NRT72.2-1.02-01-020-101,16
nrt12-72-p4-esoob-pod-agg-r1,NRT72.2-1.02-01-020-101,15
nrt12-72-co-acc-sw053,NRT72.2-1.02-01-020-101,12
nrt12-72-co-acc-sw054,NRT72.2-1.02-01-020-101,11
nrt12-72-p3-sw1-wsoob-con-r1,NRT72.2-1.02-01-020-50,40
nrt12-72-p3-sw1-wsoob-con-r2,NRT72.2-1.02-01-020-50,39
nrt12-72-p3-sw2-wsoob-con-r1,NRT72.2-1.02-01-020-50,37
nrt12-72-p3-sw2-wsoob-con-r2,NRT72.2-1.02-01-020-50,36
nrt12-72-p3-wsoob-con-acc-sw1,NRT72.2-1.02-01-020-50,34
nrt12-72-p3-wsoob-con-acc-sw2,NRT72.2-1.02-01-020-50,33
nrt12-72-p3-esoob-con-acc-sw1,NRT72.2-1.02-01-020-50,31
nrt12-72-p3-esoob-con-acc-sw2,NRT72.2-1.02-01-020-50,30
nrt12-72-p3-wsoob-con-acc-sw1-tor1,NRT72.2-1.02-01-020-50,28
nrt12-72-p3-wsoob-con-acc-sw2-tor1,NRT72.2-1.02-01-020-50,27
nrt12-72-p3-esoob-con-acc-sw1-tor1,NRT72.2-1.02-01-020-50,25
nrt12-72-p3-esoob-con-acc-sw2-tor1,NRT72.2-1.02-01-020-50,24
nrt12-72-p3-esoob-con-acc-sw1-tor2,NRT72.2-1.02-01-020-50,22
nrt12-72-p3-wsoob-pod-agg-r1,NRT72.2-1.02-01-020-50,16
nrt12-72-p3-esoob-pod-agg-r1,NRT72.2-1.02-01-020-50,15
nrt12-72-co-acc-sw049,NRT72.2-1.02-01-020-50,12
nrt12-72-co-acc-sw050,NRT72.2-1.02-01-020-50,11
nrt12-72-es-e1-b8-t2-r1,NRT72.2-1.02-01-022-101,47
nrt12-72-es-e1-b8-t2-r2,NRT72.2-1.02-01-022-101,46
nrt12-72-es-e1-b8-t2-r3,NRT72.2-1.02-01-022-101,45
nrt12-72-es-e1-b8-t2-r4,NRT72.2-1.02-01-022-101,44
nrt12-72-es-e1-b8-t2-r5,NRT72.2-1.02-01-022-101,43
nrt12-72-es-e1-b8-t2-r6,NRT72.2-1.02-01-022-101,42
nrt12-72-es-e1-b8-t2-r7,NRT72.2-1.02-01-022-101,41
nrt12-72-es-e1-b8-t2-r8,NRT72.2-1.02-01-022-101,40
nrt12-72-es-oob-con-e1-b8,NRT72.2-1.02-01-022-101,33
nrt12-72-es-e1-b8-t1-r1,NRT72.2-1.02-01-022-101,32
nrt12-72-es-e1-b8-t1-r3,NRT72.2-1.02-01-022-101,31
nrt12-72-es-e1-b8-t1-r5,NRT72.2-1.02-01-022-101,30
nrt12-72-es-e1-b8-t1-r7,NRT72.2-1.02-01-022-101,29
nrt12-72-es-e1-b8-t1-r9,NRT72.2-1.02-01-022-101,28
nrt12-72-es-e1-b8-t1-r11,NRT72.2-1.02-01-022-101,27
nrt12-72-es-e1-b8-t1-r13,NRT72.2-1.02-01-022-101,26
nrt12-72-es-e1-b8-t1-r15,NRT72.2-1.02-01-022-101,25
nrt12-72-es-e1-b8-t1-r2,NRT72.2-1.02-01-022-101,22
nrt12-72-es-e1-b8-t1-r4,NRT72.2-1.02-01-022-101,21
nrt12-72-es-e1-b8-t1-r6,NRT72.2-1.02-01-022-101,20
nrt12-72-es-e1-b8-t1-r8,NRT72.2-1.02-01-022-101,19
nrt12-72-es-e1-b8-t1-r10,NRT72.2-1.02-01-022-101,18
nrt12-72-es-e1-b8-t1-r12,NRT72.2-1.02-01-022-101,17
nrt12-72-es-e1-b8-t1-r14,NRT72.2-1.02-01-022-101,16
nrt12-72-es-e1-b8-t1-r16,NRT72.2-1.02-01-022-101,15
nrt12-72-es-mgmt-sw-100-102-217-192,NRT72.2-1.02-01-022-101,14
nrt12-72-es-e1-b8-t2-r9,NRT72.2-1.02-01-022-101,9
nrt12-72-es-e1-b8-t2-r10,NRT72.2-1.02-01-022-101,8
nrt12-72-es-e1-b8-t2-r11,NRT72.2-1.02-01-022-101,7
nrt12-72-es-e1-b8-t2-r12,NRT72.2-1.02-01-022-101,6
nrt12-72-es-e1-b8-t2-r13,NRT72.2-1.02-01-022-101,5
nrt12-72-es-e1-b8-t2-r14,NRT72.2-1.02-01-022-101,4
nrt12-72-es-e1-b8-t2-r15,NRT72.2-1.02-01-022-101,3
nrt12-72-es-e1-b8-t2-r16,NRT72.2-1.02-01-022-101,2
nrt12-72-es-e1-b7-t2-r1,NRT72.2-1.02-01-022-14,47
nrt12-72-es-e1-b7-t2-r2,NRT72.2-1.02-01-022-14,46
nrt12-72-es-e1-b7-t2-r3,NRT72.2-1.02-01-022-14,45
nrt12-72-es-e1-b7-t2-r4,NRT72.2-1.02-01-022-14,44
nrt12-72-es-e1-b7-t2-r5,NRT72.2-1.02-01-022-14,43
nrt12-72-es-e1-b7-t2-r6,NRT72.2-1.02-01-022-14,42
nrt12-72-es-e1-b7-t2-r7,NRT72.2-1.02-01-022-14,41
nrt12-72-es-e1-b7-t2-r8,NRT72.2-1.02-01-022-14,40
nrt12-72-es-oob-con-e1-b7,NRT72.2-1.02-01-022-14,33
nrt12-72-es-e1-b7-t1-r1,NRT72.2-1.02-01-022-14,32
nrt12-72-es-e1-b7-t1-r3,NRT72.2-1.02-01-022-14,31
nrt12-72-es-e1-b7-t1-r5,NRT72.2-1.02-01-022-14,30
nrt12-72-es-e1-b7-t1-r7,NRT72.2-1.02-01-022-14,29
nrt12-72-es-e1-b7-t1-r9,NRT72.2-1.02-01-022-14,28
nrt12-72-es-e1-b7-t1-r11,NRT72.2-1.02-01-022-14,27
nrt12-72-es-e1-b7-t1-r13,NRT72.2-1.02-01-022-14,26
nrt12-72-es-e1-b7-t1-r15,NRT72.2-1.02-01-022-14,25
nrt12-72-es-e1-b7-t1-r2,NRT72.2-1.02-01-022-14,22
nrt12-72-es-e1-b7-t1-r4,NRT72.2-1.02-01-022-14,21
nrt12-72-es-e1-b7-t1-r6,NRT72.2-1.02-01-022-14,20
nrt12-72-es-e1-b7-t1-r8,NRT72.2-1.02-01-022-14,19
nrt12-72-es-e1-b7-t1-r10,NRT72.2-1.02-01-022-14,18
nrt12-72-es-e1-b7-t1-r12,NRT72.2-1.02-01-022-14,17
nrt12-72-es-e1-b7-t1-r14,NRT72.2-1.02-01-022-14,16
nrt12-72-es-e1-b7-t1-r16,NRT72.2-1.02-01-022-14,15
nrt12-72-es-mgmt-sw-100-102-217-128,NRT72.2-1.02-01-022-14,14
nrt12-72-es-e1-b7-t2-r9,NRT72.2-1.02-01-022-14,9
nrt12-72-es-e1-b7-t2-r10,NRT72.2-1.02-01-022-14,8
nrt12-72-es-e1-b7-t2-r11,NRT72.2-1.02-01-022-14,7
nrt12-72-es-e1-b7-t2-r12,NRT72.2-1.02-01-022-14,6
nrt12-72-es-e1-b7-t2-r13,NRT72.2-1.02-01-022-14,5
nrt12-72-es-e1-b7-t2-r14,NRT72.2-1.02-01-022-14,4
nrt12-72-es-e1-b7-t2-r15,NRT72.2-1.02-01-022-14,3
nrt12-72-es-e1-b7-t2-r16,NRT72.2-1.02-01-022-14,2
nrt12-72-p4-sw3-wsoob-con-r1,NRT72.2-1.02-01-023-101,40
nrt12-72-p4-sw3-wsoob-con-r2,NRT72.2-1.02-01-023-101,39
nrt12-72-p4-sw4-wsoob-con-r1,NRT72.2-1.02-01-023-101,37
nrt12-72-p4-sw4-wsoob-con-r2,NRT72.2-1.02-01-023-101,36
nrt12-72-p4-wsoob-con-acc-sw3,NRT72.2-1.02-01-023-101,34
nrt12-72-p4-wsoob-con-acc-sw4,NRT72.2-1.02-01-023-101,33
nrt12-72-p4-esoob-con-acc-sw3,NRT72.2-1.02-01-023-101,31
nrt12-72-p4-esoob-con-acc-sw4,NRT72.2-1.02-01-023-101,30
nrt12-72-p4-wsoob-con-acc-sw3-tor1,NRT72.2-1.02-01-023-101,28
nrt12-72-p4-wsoob-con-acc-sw4-tor1,NRT72.2-1.02-01-023-101,27
nrt12-72-p4-esoob-con-acc-sw3-tor1,NRT72.2-1.02-01-023-101,25
nrt12-72-p4-esoob-con-acc-sw4-tor1,NRT72.2-1.02-01-023-101,24
nrt12-72-p4-esoob-con-acc-sw3-tor2,NRT72.2-1.02-01-023-101,22
nrt12-72-p4-wsoob-pod-agg-r2,NRT72.2-1.02-01-023-101,16
nrt12-72-p4-esoob-pod-agg-r2,NRT72.2-1.02-01-023-101,15
nrt12-72-co-acc-sw055,NRT72.2-1.02-01-023-101,12
nrt12-72-co-acc-sw056,NRT72.2-1.02-01-023-101,11
nrt12-72-p3-sw3-wsoob-con-r1,NRT72.2-1.02-01-023-11,40
nrt12-72-p3-sw3-wsoob-con-r2,NRT72.2-1.02-01-023-11,39
nrt12-72-p3-sw4-wsoob-con-r1,NRT72.2-1.02-01-023-11,37
nrt12-72-p3-sw4-wsoob-con-r2,NRT72.2-1.02-01-023-11,36
nrt12-72-p3-wsoob-con-acc-sw3,NRT72.2-1.02-01-023-11,34
nrt12-72-p3-wsoob-con-acc-sw4,NRT72.2-1.02-01-023-11,33
nrt12-72-p3-esoob-con-acc-sw3,NRT72.2-1.02-01-023-11,31
nrt12-72-p3-esoob-con-acc-sw4,NRT72.2-1.02-01-023-11,30
nrt12-72-p3-wsoob-con-acc-sw3-tor1,NRT72.2-1.02-01-023-11,28
nrt12-72-p3-wsoob-con-acc-sw4-tor1,NRT72.2-1.02-01-023-11,27
nrt12-72-p3-esoob-con-acc-sw3-tor1,NRT72.2-1.02-01-023-11,25
nrt12-72-p3-esoob-con-acc-sw4-tor1,NRT72.2-1.02-01-023-11,24
nrt12-72-p3-esoob-con-acc-sw3-tor2,NRT72.2-1.02-01-023-11,22
nrt12-72-p3-wsoob-pod-agg-r2,NRT72.2-1.02-01-023-11,16
nrt12-72-p3-esoob-pod-agg-r2,NRT72.2-1.02-01-023-11,15
nrt12-72-co-acc-sw051,NRT72.2-1.02-01-023-11,12
nrt12-72-co-acc-sw052,NRT72.2-1.02-01-023-11,11
nrt12-72-p4-sw5-wsoob-con-r1,NRT72.2-1.02-01-027-101,40
nrt12-72-p4-sw5-wsoob-con-r2,NRT72.2-1.02-01-027-101,39
nrt12-72-p4-sw6-wsoob-con-r1,NRT72.2-1.02-01-027-101,37
nrt12-72-p4-sw6-wsoob-con-r2,NRT72.2-1.02-01-027-101,36
nrt12-72-p4-wsoob-con-acc-sw5,NRT72.2-1.02-01-027-101,34
nrt12-72-p4-wsoob-con-acc-sw6,NRT72.2-1.02-01-027-101,33
nrt12-72-p4-esoob-con-acc-sw5,NRT72.2-1.02-01-027-101,31
nrt12-72-p4-esoob-con-acc-sw6,NRT72.2-1.02-01-027-101,30
nrt12-72-p4-wsoob-con-acc-sw5-tor1,NRT72.2-1.02-01-027-101,28
nrt12-72-p4-wsoob-con-acc-sw6-tor1,NRT72.2-1.02-01-027-101,27
nrt12-72-p4-esoob-con-acc-sw5-tor1,NRT72.2-1.02-01-027-101,25
nrt12-72-p4-esoob-con-acc-sw6-tor1,NRT72.2-1.02-01-027-101,24
nrt12-72-p4-esoob-con-acc-sw5-tor2,NRT72.2-1.02-01-027-101,22
nrt12-72-p3-sw5-wsoob-con-r1,NRT72.2-1.02-01-027-50,40
nrt12-72-p3-sw5-wsoob-con-r2,NRT72.2-1.02-01-027-50,39
nrt12-72-p3-sw6-wsoob-con-r1,NRT72.2-1.02-01-027-50,37
nrt12-72-p3-sw6-wsoob-con-r2,NRT72.2-1.02-01-027-50,36
nrt12-72-p3-wsoob-con-acc-sw5,NRT72.2-1.02-01-027-50,34
nrt12-72-p3-wsoob-con-acc-sw6,NRT72.2-1.02-01-027-50,33
nrt12-72-p3-esoob-con-acc-sw5,NRT72.2-1.02-01-027-50,31
nrt12-72-p3-esoob-con-acc-sw6,NRT72.2-1.02-01-027-50,30
nrt12-72-p3-wsoob-con-acc-sw5-tor1,NRT72.2-1.02-01-027-50,28
nrt12-72-p3-wsoob-con-acc-sw6-tor1,NRT72.2-1.02-01-027-50,27
nrt12-72-p3-esoob-con-acc-sw5-tor1,NRT72.2-1.02-01-027-50,25
nrt12-72-p3-esoob-con-acc-sw6-tor1,NRT72.2-1.02-01-027-50,24
nrt12-72-p3-esoob-con-acc-sw5-tor2,NRT72.2-1.02-01-027-50,22
nrt12-72-es-e1-b6-t2-r1,NRT72.2-1.02-01-028-14,47
nrt12-72-es-e1-b6-t2-r2,NRT72.2-1.02-01-028-14,46
nrt12-72-es-e1-b6-t2-r3,NRT72.2-1.02-01-028-14,45
nrt12-72-es-e1-b6-t2-r4,NRT72.2-1.02-01-028-14,44
nrt12-72-es-e1-b6-t2-r5,NRT72.2-1.02-01-028-14,43
nrt12-72-es-e1-b6-t2-r6,NRT72.2-1.02-01-028-14,42
nrt12-72-es-e1-b6-t2-r7,NRT72.2-1.02-01-028-14,41
nrt12-72-es-e1-b6-t2-r8,NRT72.2-1.02-01-028-14,40
nrt12-72-es-oob-con-e1-b6,NRT72.2-1.02-01-028-14,34
nrt12-72-es-e1-b6-t1-r1,NRT72.2-1.02-01-028-14,33
nrt12-72-es-e1-b6-t1-r2,NRT72.2-1.02-01-028-14,32
nrt12-72-es-e1-b6-t1-r3,NRT72.2-1.02-01-028-14,31
nrt12-72-es-e1-b6-t1-r4,NRT72.2-1.02-01-028-14,30
nrt12-72-es-e1-b6-t1-r5,NRT72.2-1.02-01-028-14,29
nrt12-72-es-e1-b6-t1-r6,NRT72.2-1.02-01-028-14,28
nrt12-72-es-e1-b6-t1-r7,NRT72.2-1.02-01-028-14,27
nrt12-72-es-e1-b6-t1-r8,NRT72.2-1.02-01-028-14,26
nrt12-72-es-e1-b6-t1-r9,NRT72.2-1.02-01-028-14,23
nrt12-72-es-e1-b6-t1-r10,NRT72.2-1.02-01-028-14,22
nrt12-72-es-e1-b6-t1-r11,NRT72.2-1.02-01-028-14,21
nrt12-72-es-e1-b6-t1-r12,NRT72.2-1.02-01-028-14,20
nrt12-72-es-e1-b6-t1-r13,NRT72.2-1.02-01-028-14,19
nrt12-72-es-e1-b6-t1-r14,NRT72.2-1.02-01-028-14,18
nrt12-72-es-e1-b6-t1-r15,NRT72.2-1.02-01-028-14,17
nrt12-72-es-e1-b6-t1-r16,NRT72.2-1.02-01-028-14,16
nrt12-72-es-mgmt-sw-100-102-217-64,NRT72.2-1.02-01-028-14,15
nrt12-72-es-e1-b6-t2-r9,NRT72.2-1.02-01-028-14,9
nrt12-72-es-e1-b6-t2-r10,NRT72.2-1.02-01-028-14,8
nrt12-72-es-e1-b6-t2-r11,NRT72.2-1.02-01-028-14,7
nrt12-72-es-e1-b6-t2-r12,NRT72.2-1.02-01-028-14,6
nrt12-72-es-e1-b6-t2-r13,NRT72.2-1.02-01-028-14,5
nrt12-72-es-e1-b6-t2-r14,NRT72.2-1.02-01-028-14,4
nrt12-72-es-e1-b6-t2-r15,NRT72.2-1.02-01-028-14,3
nrt12-72-es-e1-b6-t2-r16,NRT72.2-1.02-01-028-14,2
nrt12-72-p4-sw7-wsoob-con-r1,NRT72.2-1.02-01-031-101,40
nrt12-72-p4-sw7-wsoob-con-r2,NRT72.2-1.02-01-031-101,39
nrt12-72-p4-sw8-wsoob-con-r1,NRT72.2-1.02-01-031-101,37
nrt12-72-p4-sw8-wsoob-con-r2,NRT72.2-1.02-01-031-101,36
nrt12-72-p4-wsoob-con-acc-sw7,NRT72.2-1.02-01-031-101,34
nrt12-72-p4-wsoob-con-acc-sw8,NRT72.2-1.02-01-031-101,33
nrt12-72-p4-esoob-con-acc-sw7,NRT72.2-1.02-01-031-101,31
nrt12-72-p4-esoob-con-acc-sw8,NRT72.2-1.02-01-031-101,30
nrt12-72-p4-wsoob-con-acc-sw7-tor1,NRT72.2-1.02-01-031-101,28
nrt12-72-p4-wsoob-con-acc-sw8-tor1,NRT72.2-1.02-01-031-101,27
nrt12-72-p4-esoob-con-acc-sw7-tor1,NRT72.2-1.02-01-031-101,25
nrt12-72-p4-esoob-con-acc-sw8-tor1,NRT72.2-1.02-01-031-101,24
nrt12-72-p4-esoob-con-acc-sw7-tor2,NRT72.2-1.02-01-031-101,22
nrt12-72-p3-sw7-wsoob-con-r1,NRT72.2-1.02-01-031-11,40
nrt12-72-p3-sw7-wsoob-con-r2,NRT72.2-1.02-01-031-11,39
nrt12-72-p3-sw8-wsoob-con-r1,NRT72.2-1.02-01-031-11,37
nrt12-72-p3-sw8-wsoob-con-r2,NRT72.2-1.02-01-031-11,36
nrt12-72-p3-wsoob-con-acc-sw7,NRT72.2-1.02-01-031-11,34
nrt12-72-p3-wsoob-con-acc-sw8,NRT72.2-1.02-01-031-11,33
nrt12-72-p3-esoob-con-acc-sw7,NRT72.2-1.02-01-031-11,31
nrt12-72-p3-esoob-con-acc-sw8,NRT72.2-1.02-01-031-11,30
nrt12-72-p3-wsoob-con-acc-sw7-tor1,NRT72.2-1.02-01-031-11,28
nrt12-72-p3-wsoob-con-acc-sw8-tor1,NRT72.2-1.02-01-031-11,27
nrt12-72-p3-esoob-con-acc-sw7-tor1,NRT72.2-1.02-01-031-11,25
nrt12-72-p3-esoob-con-acc-sw8-tor1,NRT72.2-1.02-01-031-11,24
nrt12-72-p3-esoob-con-acc-sw7-tor2,NRT72.2-1.02-01-031-11,22
NRT12-72-ES-E1-B3-T2-R1,NRT72.2-1.02-01-08-64,47
NRT12-72-ES-E1-B3-T2-R2,NRT72.2-1.02-01-08-64,46
NRT12-72-ES-E1-B3-T2-R3,NRT72.2-1.02-01-08-64,45
NRT12-72-ES-E1-B3-T2-R4,NRT72.2-1.02-01-08-64,44
NRT12-72-ES-E1-B3-T2-R5,NRT72.2-1.02-01-08-64,43
NRT12-72-ES-E1-B3-T2-R6,NRT72.2-1.02-01-08-64,42
NRT12-72-ES-E1-B3-T2-R7,NRT72.2-1.02-01-08-64,41
NRT12-72-ES-E1-B3-T2-R8,NRT72.2-1.02-01-08-64,40
NRT12-72-ES-E1-B3-T1-R1,NRT72.2-1.02-01-08-64,33
NRT12-72-ES-E1-B3-T1-R3,NRT72.2-1.02-01-08-64,32
NRT12-72-ES-E1-B3-T1-R5,NRT72.2-1.02-01-08-64,31
NRT12-72-ES-E1-B3-T1-R7,NRT72.2-1.02-01-08-64,30
NRT12-72-ES-E1-B3-T1-R9,NRT72.2-1.02-01-08-64,29
NRT12-72-ES-E1-B3-T1-R11,NRT72.2-1.02-01-08-64,28
NRT12-72-ES-E1-B3-T1-R13,NRT72.2-1.02-01-08-64,27
NRT12-72-ES-E1-B3-T1-R15,NRT72.2-1.02-01-08-64,26
NRT12-72-ES-E1-B3-T1-R2,NRT72.2-1.02-01-08-64,23
NRT12-72-ES-E1-B3-T1-R4,NRT72.2-1.02-01-08-64,22
NRT12-72-ES-E1-B3-T1-R6,NRT72.2-1.02-01-08-64,21
NRT12-72-ES-E1-B3-T1-R8,NRT72.2-1.02-01-08-64,20
NRT12-72-ES-E1-B3-T1-R10,NRT72.2-1.02-01-08-64,19
NRT12-72-ES-E1-B3-T1-R12,NRT72.2-1.02-01-08-64,18
NRT12-72-ES-E1-B3-T1-R14,NRT72.2-1.02-01-08-64,17
NRT12-72-ES-E1-B3-T1-R16,NRT72.2-1.02-01-08-64,16
NRT12-72-ES-E1-B3-T2-R9,NRT72.2-1.02-01-08-64,9
NRT12-72-ES-E1-B3-T2-R10,NRT72.2-1.02-01-08-64,8
NRT12-72-ES-E1-B3-T2-R11,NRT72.2-1.02-01-08-64,7
NRT12-72-ES-E1-B3-T2-R12,NRT72.2-1.02-01-08-64,6
NRT12-72-ES-E1-B3-T2-R13,NRT72.2-1.02-01-08-64,5
NRT12-72-ES-E1-B3-T2-R14,NRT72.2-1.02-01-08-64,4
NRT12-72-ES-E1-B3-T2-R15,NRT72.2-1.02-01-08-64,3
NRT12-72-ES-E1-B3-T2-R16,NRT72.2-1.02-01-08-64,2
NRT12-72-P2-SW3-WSOOB-CON-R1,NRT72.2-1.2-1.02-01-007-61,41
NRT12-72-P2-SW3-WSOOB-CON-R2,NRT72.2-1.2-1.02-01-007-61,40
NRT12-72-P2-SW4-WSOOB-CON-R1,NRT72.2-1.2-1.02-01-007-61,38
NRT12-72-P2-SW4-WSOOB-CON-R2,NRT72.2-1.2-1.02-01-007-61,37
NRT12-72-WSOOB-CON-ACC-SW3,NRT72.2-1.2-1.02-01-007-61,35
NRT12-72-WSOOB-CON-ACC-SW4,NRT72.2-1.2-1.02-01-007-61,34
NRT12-72-ESOOB-CON-ACC-SW3,NRT72.2-1.2-1.02-01-007-61,32
NRT12-72-ESOOB-CON-ACC-SW4,NRT72.2-1.2-1.02-01-007-61,31
NRT12-72-P2-WSOOB-CON-ACC-SW3-TOR1,NRT72.2-1.2-1.02-01-007-61,29
NRT12-72-P2-WSOOB-CON-ACC-SW4-TOR1,NRT72.2-1.2-1.02-01-007-61,28
NRT12-72-P2-ESOOB-CON-ACC-SW3-TOR1,NRT72.2-1.2-1.02-01-007-61,26
NRT12-72-P2-ESOOB-CON-ACC-SW4-TOR1,NRT72.2-1.2-1.02-01-007-61,25
NRT12-72-P2-ESOOB-CON-ACC-SW2-TOR2,NRT72.2-1.2-1.02-01-007-61,23
NRT12-72-P2-WSOOB-POD-AGG-R2,NRT72.2-1.2-1.02-01-007-61,17
NRT12-72-P2-ESOOB-POD-AGG-R2,NRT72.2-1.2-1.02-01-007-61,16
NRT12-72-P2-SW5-WSOOB-CON-R1,NRT72.2-1.2-1.02-01-011-101,41
NRT12-72-P2-SW5-WSOOB-CON-R2,NRT72.2-1.2-1.02-01-011-101,40
NRT12-72-P2-SW6-WSOOB-CON-R1,NRT72.2-1.2-1.02-01-011-101,38
NRT12-72-P2-SW6-WSOOB-CON-R2,NRT72.2-1.2-1.02-01-011-101,37
NRT12-72-P2-WSOOB-CON-ACC-SW5,NRT72.2-1.2-1.02-01-011-101,35
NRT12-72-P2-WSOOB-CON-ACC-SW6,NRT72.2-1.2-1.02-01-011-101,34
NRT12-72-P2-ESOOB-CON-ACC-SW5,NRT72.2-1.2-1.02-01-011-101,32
NRT12-72-P2-ESOOB-CON-ACC-SW6,NRT72.2-1.2-1.02-01-011-101,31
NRT12-72-WSOOB-CON-ACC-SW5-TOR1,NRT72.2-1.2-1.02-01-011-101,29
NRT12-72-WSOOB-CON-ACC-SW6-TOR1,NRT72.2-1.2-1.02-01-011-101,28
NRT12-72-ESOOB-CON-ACC-SW5-TOR1,NRT72.2-1.2-1.02-01-011-101,26
NRT12-72-ESOOB-CON-ACC-SW6-TOR1,NRT72.2-1.2-1.02-01-011-101,25
NRT12-72-ESOOB-CON-ACC-SW5-TOR2,NRT72.2-1.2-1.02-01-011-101,23
nrt12-72-p5-sw1-wsoob-con-r1,NRT72.3-1.03-01-003-51,40
nrt12-72-p5-sw1-wsoob-con-r2,NRT72.3-1.03-01-003-51,39
nrt12-72-p5-sw2-wsoob-con-r1,NRT72.3-1.03-01-003-51,37
nrt12-72-p5-sw2-wsoob-con-r2,NRT72.3-1.03-01-003-51,36
nrt12-72-p5-wsoob-con-acc-sw1,NRT72.3-1.03-01-003-51,34
nrt12-72-p5-wsoob-con-acc-sw2,NRT72.3-1.03-01-003-51,33
nrt12-72-p5-esoob-con-acc-sw1,NRT72.3-1.03-01-003-51,31
nrt12-72-p5-esoob-con-acc-sw2,NRT72.3-1.03-01-003-51,30
nrt12-72-p5-wsoob-con-acc-sw1-tor1,NRT72.3-1.03-01-003-51,28
nrt12-72-p5-wsoob-con-acc-sw2-tor1,NRT72.3-1.03-01-003-51,27
nrt12-72-p5-esoob-con-acc-sw1-tor1,NRT72.3-1.03-01-003-51,25
nrt12-72-p5-esoob-con-acc-sw2-tor1,NRT72.3-1.03-01-003-51,24
nrt12-72-p5-esoob-con-acc-sw1-tor2,NRT72.3-1.03-01-003-51,22
nrt12-72-p5-wsoob-pod-agg-r1,NRT72.3-1.03-01-003-51,16
nrt12-72-p5-esoob-pod-agg-r1,NRT72.3-1.03-01-003-51,15
nrt12-72-co-acc-sw057,NRT72.3-1.03-01-003-51,12
nrt12-72-co-acc-sw058,NRT72.3-1.03-01-003-51,11
nrt12-72-es-e1-b10-t2-r1,NRT72.3-1.03-01-004-14,42
nrt12-72-es-e1-b10-t2-r2,NRT72.3-1.03-01-004-14,41
nrt12-72-es-e1-b10-t2-r3,NRT72.3-1.03-01-004-14,40
nrt12-72-es-e1-b10-t2-r4,NRT72.3-1.03-01-004-14,39
nrt12-72-es-e1-b10-t2-r5,NRT72.3-1.03-01-004-14,38
nrt12-72-es-e1-b10-t2-r6,NRT72.3-1.03-01-004-14,37
nrt12-72-es-e1-b10-t2-r7,NRT72.3-1.03-01-004-14,36
nrt12-72-es-e1-b10-t2-r8,NRT72.3-1.03-01-004-14,35
nrt12-72-es-oob-con-e1-b10,NRT72.3-1.03-01-004-14,34
nrt12-72-es-e1-b10-t1-r1,NRT72.3-1.03-01-004-14,30
nrt12-72-es-e1-b10-t1-r3,NRT72.3-1.03-01-004-14,29
nrt12-72-es-e1-b10-t1-r5,NRT72.3-1.03-01-004-14,28
nrt12-72-es-e1-b10-t1-r7,NRT72.3-1.03-01-004-14,27
nrt12-72-es-e1-b10-t1-r9,NRT72.3-1.03-01-004-14,26
nrt12-72-es-e1-b10-t1-r11,NRT72.3-1.03-01-004-14,25
nrt12-72-es-e1-b10-t1-r13,NRT72.3-1.03-01-004-14,24
nrt12-72-es-e1-b10-t1-r15,NRT72.3-1.03-01-004-14,23
nrt12-72-es-e1-b10-t1-r2,NRT72.3-1.03-01-004-14,20
nrt12-72-es-e1-b10-t1-r4,NRT72.3-1.03-01-004-14,19
nrt12-72-es-e1-b10-t1-r6,NRT72.3-1.03-01-004-14,18
nrt12-72-es-e1-b10-t1-r8,NRT72.3-1.03-01-004-14,17
nrt12-72-es-e1-b10-t1-r10,NRT72.3-1.03-01-004-14,16
nrt12-72-es-e1-b10-t1-r12,NRT72.3-1.03-01-004-14,15
nrt12-72-es-e1-b10-t1-r14,NRT72.3-1.03-01-004-14,14
nrt12-72-es-e1-b10-t1-r16,NRT72.3-1.03-01-004-14,13
nrt12-72-es-mgmt-sw-100-102-218-64,NRT72.3-1.03-01-004-14,12
nrt12-72-es-e1-b10-t2-r9,NRT72.3-1.03-01-004-14,11
nrt12-72-es-e1-b10-t2-r10,NRT72.3-1.03-01-004-14,10
nrt12-72-es-e1-b10-t2-r11,NRT72.3-1.03-01-004-14,6
nrt12-72-es-e1-b10-t2-r12,NRT72.3-1.03-01-004-14,5
nrt12-72-es-e1-b10-t2-r13,NRT72.3-1.03-01-004-14,4
nrt12-72-es-e1-b10-t2-r14,NRT72.3-1.03-01-004-14,3
nrt12-72-es-e1-b10-t2-r15,NRT72.3-1.03-01-004-14,2
nrt12-72-es-e1-b10-t2-r16,NRT72.3-1.03-01-004-14,1
nrt12-72-p5-sw3-wsoob-con-r1,NRT72.3-1.03-01-007-12,40
nrt12-72-p5-sw3-wsoob-con-r2,NRT72.3-1.03-01-007-12,39
nrt12-72-p5-sw4-wsoob-con-r1,NRT72.3-1.03-01-007-12,37
nrt12-72-p5-sw4-wsoob-con-r2,NRT72.3-1.03-01-007-12,36
nrt12-72-p5-wsoob-con-acc-sw3,NRT72.3-1.03-01-007-12,34
nrt12-72-p5-wsoob-con-acc-sw4,NRT72.3-1.03-01-007-12,33
nrt12-72-p5-esoob-con-acc-sw3,NRT72.3-1.03-01-007-12,31
nrt12-72-p5-esoob-con-acc-sw4,NRT72.3-1.03-01-007-12,30
nrt12-72-p5-wsoob-con-acc-sw3-tor1,NRT72.3-1.03-01-007-12,28
nrt12-72-p5-wsoob-con-acc-sw4-tor1,NRT72.3-1.03-01-007-12,27
nrt12-72-p5-esoob-con-acc-sw3-tor1,NRT72.3-1.03-01-007-12,25
nrt12-72-p5-esoob-con-acc-sw4-tor1,NRT72.3-1.03-01-007-12,24
nrt12-72-p5-esoob-con-acc-sw2-tor2,NRT72.3-1.03-01-007-12,22
nrt12-72-p5-wsoob-pod-agg-r2,NRT72.3-1.03-01-007-12,16
nrt12-72-p5-esoob-pod-agg-r2,NRT72.3-1.03-01-007-12,15
nrt12-72-co-acc-sw059,NRT72.3-1.03-01-007-12,12
nrt12-72-co-acc-sw060,NRT72.3-1.03-01-007-12,11
nrt12-72-p5-sw5-wsoob-con-r1,NRT72.3-1.03-01-011-51,40
nrt12-72-p5-sw5-wsoob-con-r2,NRT72.3-1.03-01-011-51,39
nrt12-72-p5-sw6-wsoob-con-r1,NRT72.3-1.03-01-011-51,37
nrt12-72-p5-sw6-wsoob-con-r2,NRT72.3-1.03-01-011-51,36
nrt12-72-p5-wsoob-con-acc-sw5,NRT72.3-1.03-01-011-51,34
nrt12-72-p5-wsoob-con-acc-sw6,NRT72.3-1.03-01-011-51,33
nrt12-72-p5-esoob-con-acc-sw5,NRT72.3-1.03-01-011-51,31
nrt12-72-p5-esoob-con-acc-sw6,NRT72.3-1.03-01-011-51,30
nrt12-72-p5-wsoob-con-acc-sw5-tor1,NRT72.3-1.03-01-011-51,28
nrt12-72-p5-wsoob-con-acc-sw6-tor1,NRT72.3-1.03-01-011-51,27
nrt12-72-p5-esoob-con-acc-sw5-tor1,NRT72.3-1.03-01-011-51,25
nrt12-72-p5-esoob-con-acc-sw6-tor1,NRT72.3-1.03-01-011-51,24
nrt12-72-p5-esoob-con-acc-sw5-tor2,NRT72.3-1.03-01-011-51,22
nrt12-72-p5-sw7-wsoob-con-r1,NRT72.3-1.03-01-015-11,40
nrt12-72-p5-sw7-wsoob-con-r2,NRT72.3-1.03-01-015-11,39
nrt12-72-p5-sw8-wsoob-con-r1,NRT72.3-1.03-01-015-11,37
nrt12-72-p5-sw8-wsoob-con-r2,NRT72.3-1.03-01-015-11,36
nrt12-72-p5-wsoob-con-acc-sw7,NRT72.3-1.03-01-015-11,34
nrt12-72-p5-wsoob-con-acc-sw8,NRT72.3-1.03-01-015-11,33
nrt12-72-p5-esoob-con-acc-sw7,NRT72.3-1.03-01-015-11,31
nrt12-72-p5-esoob-con-acc-sw8,NRT72.3-1.03-01-015-11,30
nrt12-72-p5-wsoob-con-acc-sw7-tor1,NRT72.3-1.03-01-015-11,28
nrt12-72-p5-wsoob-con-acc-sw8-tor1,NRT72.3-1.03-01-015-11,27
nrt12-72-p5-esoob-con-acc-sw7-tor1,NRT72.3-1.03-01-015-11,25
nrt12-72-p5-esoob-con-acc-sw8-tor1,NRT72.3-1.03-01-015-11,24
nrt12-72-p5-esoob-con-acc-sw7-tor2,NRT72.3-1.03-01-015-11,22
NRT12-72-CO-ACC-SW029,NRT72.GATEHOUSE.NA,0
NRT12-72-CO-ACC-SW030,NRT72.GATEHOUSE.NA,0
NRT12-72-CO-ACC-SW016,NRT72.MDF.01-MDF-001-01,30
NRT12-72-CO-ACC-SW017,NRT72.MDF.01-MDF-001-01,27
NRT12-72-CO-ACC-SW018,NRT72.MDF.01-MDF-001-01,24
NRT12-72-CO-ACC-SW015,NRT72.MMR-2.01-MMR-002-01,30
NRT12-72-CO-ACC-SW031,NRT72.SEC 2-2.MINIRACK,0
NRT12-72-CO-ACC-SW032,NRT72.SEC 2-2.MINIRACK,0
NRT12-72-CO-ACC-SW019,NRT72.SEC1-1.01-SEC1-001-01,0
NRT12-72-CO-ACC-SW020,NRT72.SEC1-1.01-SEC1-001-01,0
NRT12-72-CO-ACC-SW021,NRT72.SEC1-1.01-SEC1-001-01,0
NRT12-72-CO-ACC-SW024,NRT72.SEC1-2.01-SEC1-002-01,0
NRT12-72-CO-ACC-SW025,NRT72.SEC1-2.01-SEC1-002-01,0
NRT12-72-CO-ACC-SW026,NRT72.SEC1-2.01-SEC1-002-01,0
NRT12-72-CO-ACC-SW022,NRT72.SEC2-1.02-SEC2-001-01,0
NRT12-72-CO-ACC-SW023,NRT72.SEC2-1.02-SEC2-001-01,0
NRT12-72-CO-ACC-SW027,NRT72.SECURITY SERVER ROOM.NA,0
NRT12-72-CO-ACC-SW028,NRT72.SECURITY SERVER ROOM.NA,0
